[00:00:04] [Async Chat Thread - #119/INFO]: [Not Secure] <Nightmare> NO ME PEGUES
[00:00:07] [Async Chat Thread - #119/INFO]: [Not Secure] <ZXxAlanJosuxXZ> alguien me recluta?
[00:00:13] [Async Chat Thread - #119/INFO]: [Not Secure] <ThiagoMc311> NOSOTROS
[00:00:25] [Async Chat Thread - #119/INFO]: [Not Secure] <ThiagoMc311> ignora los de abajo son basura nms
[00:00:28] [Async Chat Thread - #119/INFO]: [Not Secure] <Nightmare> sh
[00:00:33] [Async Chat Thread - #119/INFO]: [Not Secure] <ThiagoMc311> >:V
[00:00:42] [Async Chat Thread - #119/INFO]: [Not Secure] <ThiagoMc311> sarcasmo xd
[00:00:44] [Async Chat Thread - #119/INFO]: [Not Secure] <ZXxAlanJosuxXZ> quieren haccer un juego?
[00:00:48] [Async Chat Thread - #119/INFO]: [Not Secure] <Nightmare> cual
[00:00:56] [Async Chat Thread - #119/INFO]: [Not Secure] <ZXxAlanJosuxXZ> cada reino escoje a uno
[00:01:01] [Async Chat Thread - #119/INFO]: [Not Secure] <ThiagoMc311> fue broma xd
[00:01:03] [Server thread/INFO]: Elpapu_90755 issued server command: /msg uriel3921 una pregunta en que direccion son las cords porque estoy en ess numeros y no ay nada
[00:01:05] [Async Chat Thread - #120/INFO]: [Not Secure] <ZXxAlanJosuxXZ> yo hago un escondite
[00:01:09] [Server thread/INFO]: ThiagoMc311 issued server command: /k1
[00:01:12] [Server thread/INFO]: [Kingdom of Crepúsculo] rulox52 has made the advancement [Who Needs Rockets?]
[00:01:14] [Server thread/INFO]: uriel3921 issued server command: /tell Elpapu_90755 aver manda cords
[00:01:16] [Async Chat Thread - #119/INFO]: [Not Secure] <ZXxAlanJosuxXZ> y el que me encuentre se llava un premio
[00:01:21] [Server thread/INFO]: uriel3921 issued server command: /tell Elpapu_90755 al priv
[00:01:22] [Async Chat Thread - #120/INFO]: [Not Secure] <ThiagoMc311> debes totem admin >:V
[00:01:28] [Async Chat Thread - #120/INFO]: [Not Secure] <ZXxAlanJosuxXZ> yo porque?
[00:01:38] [Async Chat Thread - #120/INFO]: [Not Secure] <ZXxAlanJosuxXZ> si te mato tu propio equipo
[00:02:11] [Async Chat Thread - #120/INFO]: [Not Secure] <ZXxAlanJosuxXZ> ya fueron al end?
[00:02:16] [Async Chat Thread - #120/INFO]: [Not Secure] <Nightmare> no
[00:02:20] [Async Chat Thread - #120/INFO]: [Not Secure] <ZXxAlanJosuxXZ> nadie?
[00:02:27] [Server thread/INFO]: Villager Villager['Villager'/283901, uuid='5f3f4dfb-b9a0-4cd4-a7b0-01751765a60e', l='ServerLevel[world]', x=-695.50, y=67.85, z=1757.50, cpos=[-44, 109], tl=40, v=true] died, message: 'Villager tried to swim in lava'
[00:02:27] [Server thread/INFO]: Villager Villager['Villager'/283904, uuid='be9b3463-a995-494b-b612-991f79f055b6', l='ServerLevel[world]', x=-696.50, y=67.82, z=1758.50, cpos=[-44, 109], tl=40, v=true] died, message: 'Villager tried to swim in lava'
[00:02:27] [Server thread/INFO]: Villager Villager['Villager'/283905, uuid='c36e52fc-e15d-43f8-8c1e-58f86e6105ed', l='ServerLevel[world]', x=-696.50, y=67.71, z=1758.50, cpos=[-44, 109], tl=40, v=true] died, message: 'Villager tried to swim in lava'
[00:02:28] [Server thread/INFO]: Villager Villager['Villager'/283908, uuid='de122ff9-d155-4f1e-acb1-108ee44243f7', l='ServerLevel[world]', x=-696.50, y=67.54, z=1758.50, cpos=[-44, 109], tl=40, v=true] died, message: 'Villager tried to swim in lava'
[00:02:28] [Server thread/INFO]: Villager Villager['Villager'/283910, uuid='dff0954a-a92d-48e2-a2bc-96a1dd1fa2ff', l='ServerLevel[world]', x=-696.50, y=67.63, z=1758.50, cpos=[-44, 109], tl=41, v=true] died, message: 'Villager tried to swim in lava'
[00:02:28] [Server thread/INFO]: Villager Villager['Villager'/283911, uuid='acc81464-21a1-422d-9395-ca99c76b532f', l='ServerLevel[world]', x=-696.50, y=67.68, z=1758.50, cpos=[-44, 109], tl=41, v=true] died, message: 'Villager tried to swim in lava'
[00:02:28] [Server thread/INFO]: Villager Villager['Villager'/283912, uuid='2b404a2c-24ef-4a6e-9562-35feeae059ad', l='ServerLevel[world]', x=-696.50, y=67.58, z=1758.50, cpos=[-44, 109], tl=41, v=true] died, message: 'Villager tried to swim in lava'
[00:02:28] [Server thread/INFO]: Villager Villager['Villager'/283913, uuid='2b22d4a5-991d-42bb-841b-269ecd5985e2', l='ServerLevel[world]', x=-696.50, y=67.80, z=1758.50, cpos=[-44, 109], tl=42, v=true] died, message: 'Villager tried to swim in lava'
[00:02:29] [Server thread/INFO]: Villager Villager['Villager'/283914, uuid='85f90855-8e32-4687-9978-0080982b22d8', l='ServerLevel[world]', x=-696.50, y=67.58, z=1758.50, cpos=[-44, 109], tl=40, v=true] died, message: 'Villager tried to swim in lava'
[00:02:29] [Server thread/INFO]: Villager Villager['Villager'/283915, uuid='04c299c7-8f16-48c8-b4ae-b30c4ae0ac81', l='ServerLevel[world]', x=-697.50, y=67.33, z=1758.50, cpos=[-44, 109], tl=40, v=true] died, message: 'Villager tried to swim in lava'
[00:02:29] [Server thread/INFO]: Villager Villager['Villager'/283917, uuid='c4128706-dc63-4ea0-a19a-e81ca58272c8', l='ServerLevel[world]', x=-697.50, y=67.48, z=1758.50, cpos=[-44, 109], tl=43, v=true] died, message: 'Villager tried to swim in lava'
[00:02:30] [Server thread/INFO]: Villager Villager['Villager'/283923, uuid='60c91394-d461-4e92-b92b-77cf2b14ac09', l='ServerLevel[world]', x=-695.50, y=67.46, z=1756.50, cpos=[-44, 109], tl=40, v=true] died, message: 'Villager tried to swim in lava'
[00:02:30] [Server thread/INFO]: Villager Villager['Villager'/283924, uuid='85386287-54c0-4357-be4e-c0349c4077dd', l='ServerLevel[world]', x=-695.50, y=67.81, z=1757.50, cpos=[-44, 109], tl=40, v=true] died, message: 'Villager tried to swim in lava'
[00:02:30] [Server thread/INFO]: Villager Villager['Villager'/283925, uuid='4359ad3d-a62a-4e82-84e2-ef01f8c4c804', l='ServerLevel[world]', x=-695.50, y=67.58, z=1757.50, cpos=[-44, 109], tl=40, v=true] died, message: 'Villager tried to swim in lava'
[00:02:30] [Server thread/INFO]: Villager Villager['Villager'/283928, uuid='89e44acd-2b56-4f2b-8122-c87c7a9e55cb', l='ServerLevel[world]', x=-696.50, y=67.76, z=1758.50, cpos=[-44, 109], tl=41, v=true] died, message: 'Villager tried to swim in lava'
[00:02:31] [Server thread/INFO]: Villager Villager['Villager'/283929, uuid='e02a3407-734a-4b05-8cea-38249b215b2a', l='ServerLevel[world]', x=-698.50, y=67.82, z=1757.50, cpos=[-44, 109], tl=40, v=true] died, message: 'Villager tried to swim in lava'
[00:02:31] [Server thread/INFO]: Villager Villager['Villager'/283933, uuid='f9d9ae96-b1e2-4c85-a057-e1acd41c0833', l='ServerLevel[world]', x=-699.38, y=67.76, z=1757.73, cpos=[-44, 109], tl=45, v=true] died, message: 'Villager tried to swim in lava'
[00:02:31] [Server thread/INFO]: Villager Villager['Villager'/283936, uuid='ee71bdb8-1141-4489-8bf0-e68ce3a423ab', l='ServerLevel[world]', x=-698.50, y=67.70, z=1757.50, cpos=[-44, 109], tl=41, v=true] died, message: 'Villager tried to swim in lava'
[00:02:32] [Server thread/INFO]: Villager Villager['Villager'/283940, uuid='1a30242f-657c-4fa4-ac68-44aa51393914', l='ServerLevel[world]', x=-695.50, y=67.01, z=1757.50, cpos=[-44, 109], tl=40, v=true] died, message: 'Villager tried to swim in lava'
[00:02:32] [Server thread/INFO]: Villager Villager['Villager'/283941, uuid='f5a81d37-ffe9-4c0b-948b-b28b83ef5eea', l='ServerLevel[world]', x=-696.50, y=67.69, z=1758.50, cpos=[-44, 109], tl=40, v=true] died, message: 'Villager tried to swim in lava'
[00:02:32] [Async Chat Thread - #120/INFO]: [Not Secure] <uriel3921> si
[00:02:32] [Server thread/INFO]: Villager Villager['Villager'/283942, uuid='b494d7b1-d8fb-40ec-98ba-226921848174', l='ServerLevel[world]', x=-696.50, y=67.79, z=1758.50, cpos=[-44, 109], tl=40, v=true] died, message: 'Villager tried to swim in lava'
[00:02:32] [Server thread/INFO]: Villager Villager['Villager'/283948, uuid='9e56d90a-93e4-4e9c-8d86-a69c024056af', l='ServerLevel[world]', x=-698.56, y=67.65, z=1757.52, cpos=[-44, 109], tl=41, v=true] died, message: 'Villager tried to swim in lava'
[00:02:32] [Server thread/INFO]: Villager Villager['Villager'/283952, uuid='cd0f4615-9ab4-4baa-8f8b-8b564e4f6eff', l='ServerLevel[world]', x=-698.00, y=67.83, z=1757.93, cpos=[-44, 109], tl=41, v=true] died, message: 'Villager tried to swim in lava'
[00:02:33] [Server thread/INFO]: Villager Villager['Villager'/283953, uuid='9a41503e-8b64-4184-b530-bf55ad5d905b', l='ServerLevel[world]', x=-696.50, y=67.42, z=1758.50, cpos=[-44, 109], tl=43, v=true] died, message: 'Villager tried to swim in lava'
[00:02:33] [Server thread/INFO]: Villager Villager['Villager'/283954, uuid='502fabc0-527a-4e77-a2b5-eb995a4250c6', l='ServerLevel[world]', x=-696.50, y=67.85, z=1758.50, cpos=[-44, 109], tl=41, v=true] died, message: 'Villager tried to swim in lava'
[00:02:33] [Server thread/INFO]: Villager Villager['Villager'/283956, uuid='6c173f20-b381-4673-9622-fbfe149f112e', l='ServerLevel[world]', x=-696.50, y=67.54, z=1758.50, cpos=[-44, 109], tl=41, v=true] died, message: 'Villager tried to swim in lava'
[00:02:33] [Server thread/INFO]: Villager Villager['Villager'/283959, uuid='bfae850e-41e7-41fa-8362-81595c9b91bd', l='ServerLevel[world]', x=-696.50, y=67.68, z=1758.50, cpos=[-44, 109], tl=40, v=true] died, message: 'Villager tried to swim in lava'
[00:02:33] [Server thread/INFO]: Villager Villager['Villager'/283960, uuid='36df0d0b-11fe-4a05-8783-82ceabc930d9', l='ServerLevel[world]', x=-699.26, y=67.63, z=1756.56, cpos=[-44, 109], tl=40, v=true] died, message: 'Villager tried to swim in lava'
[00:02:34] [Server thread/INFO]: Villager Villager['Villager'/283961, uuid='bc5893fd-dc56-48b3-8f21-1af86dc61587', l='ServerLevel[world]', x=-696.30, y=67.88, z=1758.25, cpos=[-44, 109], tl=40, v=true] died, message: 'Villager tried to swim in lava'
[00:02:34] [Server thread/INFO]: Villager Villager['Villager'/283964, uuid='f498230f-cce3-4281-9590-d24df0267b3a', l='ServerLevel[world]', x=-696.30, y=67.80, z=1757.92, cpos=[-44, 109], tl=42, v=true] died, message: 'Villager tried to swim in lava'
[00:02:34] [Server thread/INFO]: Villager Villager['Villager'/283930, uuid='b657e99f-6af7-4e45-b7c0-3f5aaae22ccc', l='ServerLevel[world]', x=-704.50, y=68.00, z=1755.57, cpos=[-45, 109], tl=113, v=true] died, message: 'Villager burned to death'
[00:02:35] [Server thread/INFO]: Villager Villager['Villager'/283967, uuid='916de9be-8c31-434d-ada2-4022fc4ef251', l='ServerLevel[world]', x=-696.71, y=67.23, z=1758.70, cpos=[-44, 109], tl=42, v=true] died, message: 'Villager tried to swim in lava'
[00:02:35] [Server thread/INFO]: Villager Villager['Villager'/283969, uuid='643cd17a-4b53-401b-a103-08f2ac19fc1d', l='ServerLevel[world]', x=-697.34, y=67.64, z=1758.67, cpos=[-44, 109], tl=40, v=true] died, message: 'Villager tried to swim in lava'
[00:02:35] [Server thread/INFO]: Villager Villager['Villager'/283971, uuid='06ad8188-17c6-488a-90b2-e4c2c209f6a2', l='ServerLevel[world]', x=-698.29, y=67.69, z=1758.55, cpos=[-44, 109], tl=45, v=true] died, message: 'Villager tried to swim in lava'
[00:02:35] [Server thread/INFO]: Villager Villager['Villager'/283972, uuid='1dc3e9b1-4324-469c-849c-30cb9b4e6331', l='ServerLevel[world]', x=-697.95, y=67.79, z=1758.85, cpos=[-44, 109], tl=41, v=true] died, message: 'Villager tried to swim in lava'
[00:02:38] [Server thread/INFO]: Villager Villager['Villager'/283990, uuid='67322ad7-d13d-450e-8de8-c241dc6eb47b', l='ServerLevel[world]', x=-696.30, y=67.40, z=1758.50, cpos=[-44, 109], tl=43, v=true] died, message: 'Villager tried to swim in lava'
[00:02:39] [Server thread/INFO]: Villager Villager['Villager'/283991, uuid='9a60d6ce-9532-44f0-9be0-afda7ed6a0ea', l='ServerLevel[world]', x=-696.39, y=67.55, z=1758.50, cpos=[-44, 109], tl=41, v=true] died, message: 'Villager tried to swim in lava'
[00:02:39] [Server thread/INFO]: Villager Villager['Villager'/283994, uuid='e98df372-27d8-4c65-bf90-9d1d030aa171', l='ServerLevel[world]', x=-697.70, y=67.24, z=1758.70, cpos=[-44, 109], tl=43, v=true] died, message: 'Villager tried to swim in lava'
[00:02:39] [Server thread/INFO]: Villager Villager['Villager'/283995, uuid='8b87907d-317a-4b1a-af09-f86efca47cb3', l='ServerLevel[world]', x=-695.32, y=67.59, z=1758.56, cpos=[-44, 109], tl=41, v=true] died, message: 'Villager tried to swim in lava'
[00:02:39] [Server thread/INFO]: Villager Villager['Villager'/283998, uuid='f58061d5-01f4-485d-960f-a4b51ea3d406', l='ServerLevel[world]', x=-695.66, y=67.62, z=1758.60, cpos=[-44, 109], tl=41, v=true] died, message: 'Villager tried to swim in lava'
[00:02:39] [Server thread/INFO]: Villager Villager['Villager'/284002, uuid='9559a12e-0531-41d8-92f1-73f7c7b8f78b', l='ServerLevel[world]', x=-696.30, y=67.52, z=1758.47, cpos=[-44, 109], tl=41, v=true] died, message: 'Villager tried to swim in lava'
[00:02:40] [Server thread/INFO]: Villager Villager['Villager'/284004, uuid='fb8e72e5-17ad-4a14-9f5d-cefd7e588e6d', l='ServerLevel[world]', x=-697.70, y=67.86, z=1757.62, cpos=[-44, 109], tl=44, v=true] died, message: 'Villager tried to swim in lava'
[00:02:40] [Server thread/INFO]: Villager Villager['Villager'/284006, uuid='5fbdbadb-8008-450d-8ebd-fa98c926e4a7', l='ServerLevel[world]', x=-697.13, y=67.76, z=1758.70, cpos=[-44, 109], tl=40, v=true] died, message: 'Villager tried to swim in lava'
[00:02:40] [Server thread/INFO]: Villager Villager['Villager'/284008, uuid='f93f948e-0928-4a73-9440-f5ba74299730', l='ServerLevel[world]', x=-697.58, y=67.82, z=1756.60, cpos=[-44, 109], tl=41, v=true] died, message: 'Villager tried to swim in lava'
[00:02:40] [Server thread/INFO]: Villager Villager['Villager'/284009, uuid='1a2e9350-12c5-4054-8f43-382325af7667', l='ServerLevel[world]', x=-698.70, y=67.05, z=1758.05, cpos=[-44, 109], tl=40, v=true] died, message: 'Villager tried to swim in lava'
[00:02:40] [Server thread/INFO]: Villager Villager['Villager'/284012, uuid='6cc33b3f-2e62-4232-b147-9218adff102a', l='ServerLevel[world]', x=-697.83, y=67.91, z=1756.88, cpos=[-44, 109], tl=41, v=true] died, message: 'Villager tried to swim in lava'
[00:02:41] [Server thread/INFO]: Villager Villager['Villager'/284014, uuid='b5a91de7-5bb9-4fc7-94a9-c11ff44373a6', l='ServerLevel[world]', x=-696.46, y=67.31, z=1757.98, cpos=[-44, 109], tl=41, v=true] died, message: 'Villager tried to swim in lava'
[00:02:41] [Server thread/INFO]: Villager Villager['Villager'/284016, uuid='7084f9d0-8d6f-4aeb-88b5-462501f9c0ab', l='ServerLevel[world]', x=-695.99, y=67.85, z=1756.47, cpos=[-44, 109], tl=40, v=true] died, message: 'Villager tried to swim in lava'
[00:02:41] [Server thread/INFO]: Villager Villager['Villager'/284018, uuid='180e81ec-8929-4777-9f5f-90db9302d53b', l='ServerLevel[world]', x=-695.30, y=67.04, z=1758.43, cpos=[-44, 109], tl=40, v=true] died, message: 'Villager tried to swim in lava'
[00:02:41] [Server thread/INFO]: Villager Villager['Villager'/284021, uuid='5ce06750-2d09-4a5b-bac7-9f9a13780936', l='ServerLevel[world]', x=-695.86, y=67.46, z=1757.13, cpos=[-44, 109], tl=41, v=true] died, message: 'Villager tried to swim in lava'
[00:02:41] [Server thread/INFO]: Villager Villager['Villager'/284022, uuid='06dff788-9490-44ee-8ce5-3927884b126f', l='ServerLevel[world]', x=-695.66, y=67.74, z=1757.67, cpos=[-44, 109], tl=40, v=true] died, message: 'Villager tried to swim in lava'
[00:02:42] [Server thread/INFO]: Villager Villager['Villager'/284025, uuid='0a264f65-c0d3-41c9-b98b-349a64bdedf8', l='ServerLevel[world]', x=-697.26, y=67.90, z=1758.70, cpos=[-44, 109], tl=41, v=true] died, message: 'Villager tried to swim in lava'
[00:02:42] [Server thread/INFO]: Villager Villager['Villager'/284029, uuid='594db7d3-0e8b-49e6-badf-fec088c5fb8f', l='ServerLevel[world]', x=-698.59, y=67.39, z=1757.65, cpos=[-44, 109], tl=40, v=true] died, message: 'Villager tried to swim in lava'
[00:02:43] [Server thread/INFO]: Villager Villager['Villager'/284046, uuid='66e1ddbc-7722-4501-9fd6-4ff3345e4d54', l='ServerLevel[world]', x=-700.30, y=67.55, z=1757.74, cpos=[-44, 109], tl=41, v=true] died, message: 'Villager tried to swim in lava'
[00:02:43] [Server thread/INFO]: Villager Villager['Villager'/284053, uuid='16bb1e67-c697-4ae9-99d9-d2826944e389', l='ServerLevel[world]', x=-699.62, y=67.69, z=1757.38, cpos=[-44, 109], tl=40, v=true] died, message: 'Villager tried to swim in lava'
[00:02:46] [Server thread/INFO]: Villager Villager['Villager'/284033, uuid='5e26484d-2d3e-41b4-ba5b-624e8f0e2fff', l='ServerLevel[world]', x=-709.71, y=67.00, z=1749.28, cpos=[-45, 109], tl=117, v=true] died, message: 'Villager was burned to a crisp while fighting ZXxAlanJosuxXZ'
[00:02:48] [Server thread/INFO]: Villager Villager['Villager'/284041, uuid='b009b049-adda-468f-9314-371e1813bcc4', l='ServerLevel[world]', x=-701.74, y=67.65, z=1757.03, cpos=[-44, 109], tl=163, v=true] died, message: 'Villager tried to swim in lava'
[00:02:55] [Async Chat Thread - #120/INFO]: [Not Secure] <Nightmare> danos aldeanos
[00:02:55] [Server thread/INFO]: Villager Villager['Villager'/284038, uuid='820f08a6-f60b-4769-8035-eef832f19b6a', l='ServerLevel[world]', x=-701.70, y=67.20, z=1757.00, cpos=[-44, 109], tl=292, v=true] died, message: 'Villager tried to swim in lava to escape ZXxAlanJosuxXZ'
[00:03:00] [Async Chat Thread - #120/INFO]: [Not Secure] <ZXxAlanJosuxXZ> no puedo
[00:03:02] [Async Chat Thread - #120/INFO]: [Not Secure] <Nightmare> bue
[00:03:28] [Server thread/INFO]: Villager Villager['Villager'/284397, uuid='82189e1a-9cc4-47f1-8019-a2aed27935fa', l='ServerLevel[world]', x=-696.30, y=67.97, z=1758.50, cpos=[-44, 109], tl=41, v=true] died, message: 'Villager tried to swim in lava'
[00:03:28] [Server thread/INFO]: Villager Villager['Villager'/284399, uuid='798b9e4f-0520-4f72-9477-1152c23b1be8', l='ServerLevel[world]', x=-697.70, y=67.44, z=1758.50, cpos=[-44, 109], tl=41, v=true] died, message: 'Villager tried to swim in lava'
[00:03:28] [Server thread/INFO]: Villager Villager['Villager'/284402, uuid='86d523a5-5907-4e9e-bf04-950a1a8bd424', l='ServerLevel[world]', x=-696.92, y=67.48, z=1758.50, cpos=[-44, 109], tl=43, v=true] died, message: 'Villager tried to swim in lava'
[00:03:28] [Server thread/INFO]: Villager Villager['Villager'/284404, uuid='574c0f20-7e14-41eb-896f-c0fef9d4b6bc', l='ServerLevel[world]', x=-696.30, y=67.35, z=1758.50, cpos=[-44, 109], tl=41, v=true] died, message: 'Villager tried to swim in lava'
[00:03:29] [Server thread/INFO]: Villager Villager['Villager'/284405, uuid='a09c8ba7-1379-4e55-9678-7fe4c36ed787', l='ServerLevel[world]', x=-696.96, y=67.49, z=1758.50, cpos=[-44, 109], tl=41, v=true] died, message: 'Villager tried to swim in lava'
[00:03:29] [Server thread/INFO]: Villager Villager['Villager'/284406, uuid='ed1bbe54-d7a9-4ad1-8d78-d715df943a89', l='ServerLevel[world]', x=-697.64, y=67.83, z=1758.50, cpos=[-44, 109], tl=41, v=true] died, message: 'Villager tried to swim in lava'
[00:03:29] [Server thread/INFO]: Villager Villager['Villager'/284407, uuid='6c44ad8a-f1e1-4367-96d4-c64f8c791204', l='ServerLevel[world]', x=-697.16, y=67.69, z=1758.50, cpos=[-44, 109], tl=41, v=true] died, message: 'Villager tried to swim in lava'
[00:03:29] [Server thread/INFO]: Villager Villager['Villager'/284408, uuid='4c543bfe-df89-4ea9-a08e-2baf53243580', l='ServerLevel[world]', x=-696.36, y=67.82, z=1758.50, cpos=[-44, 109], tl=42, v=true] died, message: 'Villager tried to swim in lava'
[00:03:29] [Server thread/INFO]: Villager Villager['Villager'/284410, uuid='34e50b2d-38e7-44a8-9de1-17873dc0bde9', l='ServerLevel[world]', x=-698.22, y=67.74, z=1758.50, cpos=[-44, 109], tl=41, v=true] died, message: 'Villager tried to swim in lava'
[00:03:30] [Server thread/INFO]: Villager Villager['Villager'/284414, uuid='43d55822-6b03-4cee-ba5d-1bd756118f0c', l='ServerLevel[world]', x=-697.79, y=67.39, z=1758.50, cpos=[-44, 109], tl=42, v=true] died, message: 'Villager tried to swim in lava'
[00:03:30] [Server thread/INFO]: Villager Villager['Villager'/284417, uuid='3b99bc5a-48d6-431d-a14e-fd86116eb5f9', l='ServerLevel[world]', x=-698.70, y=67.05, z=1758.50, cpos=[-44, 109], tl=41, v=true] died, message: 'Villager tried to swim in lava'
[00:03:30] [Server thread/INFO]: Villager Villager['Villager'/284418, uuid='905cc2cf-49bf-498c-b11d-567a8d904a66', l='ServerLevel[world]', x=-700.49, y=67.50, z=1756.85, cpos=[-44, 109], tl=41, v=true] died, message: 'Villager tried to swim in lava'
[00:03:30] [Server thread/INFO]: Villager Villager['Villager'/284419, uuid='587a33b6-06f6-4698-b2f1-dea33ecda04a', l='ServerLevel[world]', x=-698.45, y=67.37, z=1757.28, cpos=[-44, 109], tl=43, v=true] died, message: 'Villager tried to swim in lava'
[00:03:31] [Server thread/INFO]: Villager Villager['Villager'/284420, uuid='09f3eb3b-2232-4f2a-bc0c-a63ea947d7d4', l='ServerLevel[world]', x=-699.50, y=67.44, z=1757.70, cpos=[-44, 109], tl=43, v=true] died, message: 'Villager tried to swim in lava'
[00:03:31] [Server thread/INFO]: Villager Villager['Villager'/284421, uuid='82d0cb5c-7eac-40ca-a238-dc8630ca447f', l='ServerLevel[world]', x=-699.65, y=67.49, z=1756.65, cpos=[-44, 109], tl=43, v=true] died, message: 'Villager tried to swim in lava'
[00:03:31] [Server thread/INFO]: Villager Villager['Villager'/284423, uuid='e4dcfba3-8964-469c-ad45-22cf33834934', l='ServerLevel[world]', x=-698.10, y=67.64, z=1758.50, cpos=[-44, 109], tl=41, v=true] died, message: 'Villager tried to swim in lava'
[00:03:31] [Server thread/INFO]: Villager Villager['Villager'/284424, uuid='1c9d7a41-324b-4abb-85aa-9092c8291fe0', l='ServerLevel[world]', x=-697.11, y=67.49, z=1758.50, cpos=[-44, 109], tl=41, v=true] died, message: 'Villager tried to swim in lava'
[00:03:31] [Server thread/INFO]: Villager Villager['Villager'/284425, uuid='51075e2e-7085-41cf-b538-523cd420719d', l='ServerLevel[world]', x=-697.50, y=67.23, z=1757.50, cpos=[-44, 109], tl=41, v=true] died, message: 'Villager tried to swim in lava'
[00:03:32] [Server thread/INFO]: Villager Villager['Villager'/284428, uuid='464b0ac6-0be9-4cbf-a9f6-809d32be30ff', l='ServerLevel[world]', x=-698.45, y=67.38, z=1757.28, cpos=[-44, 109], tl=41, v=true] died, message: 'Villager tried to swim in lava'
[00:03:32] [Server thread/INFO]: Villager Villager['Villager'/284429, uuid='3ed1eb40-434e-4e2e-9b0a-b4a4c4ced68e', l='ServerLevel[world]', x=-698.45, y=67.62, z=1757.28, cpos=[-44, 109], tl=42, v=true] died, message: 'Villager tried to swim in lava'
[00:03:32] [Async Chat Thread - #120/INFO]: [Not Secure] <ThiagoMc311> uhh
[00:03:35] [Async Chat Thread - #120/INFO]: [Not Secure] <ThiagoMc311> ee perdon ruloxx
[00:03:39] [Async Chat Thread - #120/INFO]: [Not Secure] <ThiagoMc311> no sabia xdd
[00:03:44] [Async Chat Thread - #120/INFO]: [Not Secure] <ZXxAlanJosuxXZ> night
[00:03:46] [Async Chat Thread - #120/INFO]: [Not Secure] <Nightmare> q
[00:03:52] [Async Chat Thread - #120/INFO]: [Not Secure] <ZXxAlanJosuxXZ> te pongo un reto
[00:03:59] [Async Chat Thread - #120/INFO]: [Not Secure] <Nightmare> cual
[00:04:19] [Async Chat Thread - #120/INFO]: [Not Secure] <ZXxAlanJosuxXZ> si logras salavar a los aldeanos de unos 100 bloques de altura de caida
[00:04:25] [Async Chat Thread - #119/INFO]: [Not Secure] <ZXxAlanJosuxXZ> sin agua
[00:04:29] [Async Chat Thread - #120/INFO]: [Not Secure] <ZXxAlanJosuxXZ> te doy dos
[00:04:34] [Async Chat Thread - #120/INFO]: [Not Secure] <Nightmare> na para
[00:04:39] [Async Chat Thread - #120/INFO]: [Not Secure] <Nightmare> asi mejor nadota
[00:05:00] [Server thread/INFO]: Villager Villager['Toolsmith'/284967, uuid='49bb1950-f32f-49af-99c4-c28d76fae5b7', l='ServerLevel[world]', x=-769.70, y=63.00, z=1717.71, cpos=[-49, 107], tl=321, v=true] died, message: 'Toolsmith was slain by ZXxAlanJosuxXZ'
[00:05:17] [Server thread/INFO]: Villager Villager['Villager'/285115, uuid='281c4348-3e80-49d1-a65a-b76ebf8a2e6b', l='ServerLevel[world]', x=-769.97, y=63.00, z=1724.14, cpos=[-49, 107], tl=214, v=true] died, message: 'Villager was slain by ZXxAlanJosuxXZ'
[00:05:27] [Server thread/INFO]: Villager Villager['Toolsmith'/285112, uuid='952cffe2-910d-4e2f-b67a-6a069ab71fdc', l='ServerLevel[world]', x=-766.65, y=62.94, z=1714.65, cpos=[-48, 107], tl=438, v=true] died, message: 'Toolsmith was slain by ZXxAlanJosuxXZ'
[00:05:47] [Server thread/INFO]: Villager Villager['Villager'/285291, uuid='d7f401df-5033-492e-8e2b-6603df6f626b', l='ServerLevel[world]', x=-768.10, y=63.00, z=1738.93, cpos=[-49, 108], tl=236, v=true] died, message: 'Villager was slain by ZXxAlanJosuxXZ'
[00:06:49] [Server thread/INFO]: ZXxAlanJosuxXZ issued server command: /effect give ZXxAlanJosuxXZ minecraft:night_vision infinite 255 true
[00:06:49] [Server thread/INFO]: [ZXxAlanJosuxXZ: Applied effect Night Vision to ZXxAlanJosuxXZ]
[00:06:51] [Async Chat Thread - #121/INFO]: [Not Secure] <ThiagoMc311> tiene olor a pizza we
[00:06:59] [Server thread/INFO]: Villager Villager['Villager'/285510, uuid='ffcf65a8-8368-4515-92ff-8ec4916fa85c', l='ServerLevel[world]', x=-762.31, y=23.97, z=1739.04, cpos=[-48, 108], tl=1224, v=true] died, message: 'Villager was slain by ZXxAlanJosuxXZ'
[00:07:07] [Async Chat Thread - #121/INFO]: [Not Secure] <ThiagoMc311> .-.
[00:07:28] [Async Chat Thread - #121/INFO]: [Not Secure] <ThiagoMc311> hey we toma
[00:08:15] [Async Chat Thread - #121/INFO]: [Not Secure] <ThiagoMc311> ow._.
[00:08:19] [Async Chat Thread - #121/INFO]: [Not Secure] <Nightmare> decile que si
[00:08:23] [Async Chat Thread - #121/INFO]: [Not Secure] <ThiagoMc311> ni que fuera pedofilo
[00:08:30] [Server thread/INFO]: Villager Villager['Villager'/285513, uuid='50a04e4e-519f-421f-b1ff-d0703aad3d6a', l='ServerLevel[world]', x=-762.85, y=-213.30, z=1739.85, cpos=[-48, 108], tl=3033, v=true] died, message: 'Villager fell out of the world'
[00:08:30] [Server thread/INFO]: Villager Villager['Villager'/285515, uuid='01e38ea5-fec8-4372-a166-7f9e50c1b71b', l='ServerLevel[world]', x=-762.78, y=-213.30, z=1739.25, cpos=[-48, 108], tl=3029, v=true] died, message: 'Villager fell out of the world'
[00:08:30] [Server thread/INFO]: Villager Villager['Villager'/285519, uuid='6943f67d-1241-46f2-b4be-69108f083121', l='ServerLevel[world]', x=-762.85, y=-213.30, z=1739.85, cpos=[-48, 108], tl=3025, v=true] died, message: 'Villager fell out of the world'
[00:08:30] [Server thread/INFO]: Villager Villager['Villager'/285523, uuid='db2bdbb3-7afe-4800-9624-40c209498a02', l='ServerLevel[world]', x=-762.85, y=-213.30, z=1739.85, cpos=[-48, 108], tl=3021, v=true] died, message: 'Villager fell out of the world'
[00:08:30] [Server thread/INFO]: Villager Villager['Villager'/285509, uuid='34fc152b-50f0-45f5-ab76-4b4d46a80c1d', l='ServerLevel[world]', x=-762.30, y=-245.08, z=1739.30, cpos=[-48, 108], tl=3051, v=true] died, message: 'Villager fell out of the world'
[00:08:39] [Server thread/INFO]: Villager Villager['Villager'/287268, uuid='4b3193f8-4ce1-45fb-a051-c8b7db4185d7', l='ServerLevel[world]', x=-762.50, y=-63.00, z=1739.50, cpos=[-48, 108], tl=74, v=true] died, message: 'Villager was squished too much'
[00:08:39] [Server thread/INFO]: Villager Villager['Villager'/287275, uuid='6e1c6a17-dd6e-45e6-97fe-1eb7aca644d9', l='ServerLevel[world]', x=-762.50, y=-63.00, z=1739.50, cpos=[-48, 108], tl=59, v=true] died, message: 'Villager was squished too much'
[00:08:39] [Server thread/INFO]: Villager Villager['Villager'/287283, uuid='5c702270-157f-4649-ab58-aeda3e4c932c', l='ServerLevel[world]', x=-762.50, y=-63.00, z=1739.50, cpos=[-48, 108], tl=39, v=true] died, message: 'Villager was squished too much'
[00:08:39] [Server thread/INFO]: Villager Villager['Villager'/287256, uuid='4979ba9e-cd98-49db-8683-d263b15a9850', l='ServerLevel[world]', x=-762.50, y=-63.00, z=1739.50, cpos=[-48, 108], tl=92, v=true] died, message: 'Villager was squished too much'
[00:08:39] [Server thread/INFO]: Villager Villager['Villager'/287273, uuid='31956848-0491-4d90-b5ef-fd28adc72843', l='ServerLevel[world]', x=-762.50, y=-63.00, z=1739.50, cpos=[-48, 108], tl=64, v=true] died, message: 'Villager was squished too much'
[00:08:39] [Server thread/INFO]: Villager Villager['Villager'/287245, uuid='c3419a35-5885-4957-8dc4-0a8e2e9272d0', l='ServerLevel[world]', x=-762.50, y=-63.00, z=1739.50, cpos=[-48, 108], tl=126, v=true] died, message: 'Villager was squished too much'
[00:08:39] [Server thread/INFO]: Villager Villager['Villager'/287242, uuid='d300877b-6b48-4703-816e-c83457badef0', l='ServerLevel[world]', x=-762.50, y=-63.00, z=1739.50, cpos=[-48, 108], tl=131, v=true] died, message: 'Villager was squished too much'
[00:08:39] [Server thread/INFO]: Villager Villager['Villager'/287246, uuid='a7dfa4ce-8e95-4f50-8358-0f4e1f24bac1', l='ServerLevel[world]', x=-762.50, y=-63.00, z=1739.50, cpos=[-48, 108], tl=123, v=true] died, message: 'Villager was squished too much'
[00:08:39] [Server thread/INFO]: Villager Villager['Villager'/287277, uuid='21870ac0-4daf-4369-bf5a-c017aa292553', l='ServerLevel[world]', x=-762.50, y=-63.00, z=1739.50, cpos=[-48, 108], tl=59, v=true] died, message: 'Villager was squished too much'
[00:08:47] [Async Chat Thread - #121/INFO]: [Not Secure] <ZXxAlanJosuxXZ> night quiere ver algo?
[00:08:52] [Async Chat Thread - #121/INFO]: [Not Secure] <Nightmare> q
[00:08:58] [Async Chat Thread - #121/INFO]: [Not Secure] <Nightmare> fui yo
[00:09:07] [Async Chat Thread - #121/INFO]: [Not Secure] <ZXxAlanJosuxXZ> sigueme
[00:09:38] [Async Chat Thread - #121/INFO]: [Not Secure] <ZXxAlanJosuxXZ> ven mira
[00:09:43] [Server thread/INFO]: ZXxAlanJosuxXZ issued server command: /attribute ZXxAlanJosuxXZ minecraft:scale base set 1
[00:09:53] [Async Chat Thread - #121/INFO]: [Not Secure] <ZXxAlanJosuxXZ> night ven mira
[00:09:56] [Async Chat Thread - #121/INFO]: [Not Secure] <Nightmare> pera
[00:09:58] [Async Chat Thread - #121/INFO]: [Not Secure] <Nightmare> XD
[00:10:04] [Async Chat Thread - #121/INFO]: [Not Secure] <ZXxAlanJosuxXZ> thiago mira
[00:10:15] [Async Chat Thread - #121/INFO]: [Not Secure] <ThiagoMc311> a ve
[00:10:15] [Server thread/INFO]: ThiagoMc311 issued server command: /rtpd
[00:10:39] [Server thread/INFO]: Villager Villager['Villager'/287252, uuid='a1de699a-e83c-472a-8a11-eb335a6e65b9', l='ServerLevel[world]', x=-762.52, y=-63.00, z=1739.48, cpos=[-48, 108], tl=2512, v=true] died, message: 'Villager was squished too much'
[00:10:44] [Async Chat Thread - #121/INFO]: [Not Secure] <ThiagoMc311> night
[00:10:48] [Async Chat Thread - #121/INFO]: [Not Secure] <ThiagoMc311> ehh
[00:10:49] [Async Chat Thread - #121/INFO]: [Not Secure] <ThiagoMc311> baja
[00:10:53] [Server thread/INFO]: Villager Villager['Villager'/287250, uuid='ac3c2b54-ec4b-49d8-bf3b-1e27ed350bd4', l='ServerLevel[world]', x=-762.70, y=-63.00, z=1739.30, cpos=[-48, 108], tl=2807, v=true] died, message: 'Villager was squished too much'
[00:11:00] [Server thread/WARN]: ZXxAlanJosuxXZ moved too quickly! 0.0,10.119331703907946,0.0
[00:11:02] [Async Chat Thread - #121/INFO]: [Not Secure] <ThiagoMc311> night baja rapidoo
[00:11:19] [Async Chat Thread - #121/INFO]: [Not Secure] <ThiagoMc311> espera
[00:11:22] [Async Chat Thread - #121/INFO]: [Not Secure] <ThiagoMc311> hay aldeanoss
[00:11:46] [Async Chat Thread - #121/INFO]: [Not Secure] <ThiagoMc311> se ahogan wee
[00:11:48] [Server thread/INFO]: Villager Villager['Villager'/287241, uuid='f1fdff36-7f0e-48d0-abab-f4fa5c82a034', l='ServerLevel[world]', x=-762.70, y=-45.95, z=1739.67, cpos=[-48, 108], tl=3926, v=true] died, message: 'Villager drowned'
[00:11:48] [Server thread/INFO]: Villager Villager['Villager'/287251, uuid='b07ec764-b880-4d2c-8f6e-8f3f448b860f', l='ServerLevel[world]', x=-762.70, y=-45.96, z=1739.66, cpos=[-48, 108], tl=3902, v=true] died, message: 'Villager drowned'
[00:11:48] [Server thread/INFO]: Villager Villager['Villager'/287253, uuid='7f37adff-0d48-4aaa-965d-2bf59e5a43f7', l='ServerLevel[world]', x=-762.70, y=-45.95, z=1739.30, cpos=[-48, 108], tl=3894, v=true] died, message: 'Villager drowned'
[00:11:48] [Server thread/INFO]: Villager Villager['Villager'/287254, uuid='d9350b44-af00-472e-88c6-0563319f8a2a', l='ServerLevel[world]', x=-762.70, y=-45.95, z=1739.30, cpos=[-48, 108], tl=3890, v=true] died, message: 'Villager drowned'
[00:11:48] [Server thread/INFO]: Villager Villager['Villager'/287258, uuid='8bccc77f-a503-4f6f-b305-517efccc278c', l='ServerLevel[world]', x=-762.70, y=-46.03, z=1739.32, cpos=[-48, 108], tl=3882, v=true] died, message: 'Villager drowned'
[00:11:48] [Server thread/INFO]: Villager Villager['Villager'/287263, uuid='2a62b568-b7ad-4d51-923e-93c5f466e6e9', l='ServerLevel[world]', x=-762.70, y=-45.95, z=1739.70, cpos=[-48, 108], tl=3874, v=true] died, message: 'Villager drowned'
[00:11:48] [Server thread/INFO]: Villager Villager['Villager'/287282, uuid='559d8172-23c2-4b40-bf96-67068fad94f0', l='ServerLevel[world]', x=-762.70, y=-45.95, z=1739.30, cpos=[-48, 108], tl=3838, v=true] died, message: 'Villager drowned'
[00:11:48] [Server thread/INFO]: Villager Villager['Villager'/287285, uuid='107cce7f-dd01-453f-8eb5-b3b01c781765', l='ServerLevel[world]', x=-762.70, y=-45.95, z=1739.30, cpos=[-48, 108], tl=3830, v=true] died, message: 'Villager drowned'
[00:11:48] [Server thread/INFO]: Villager Villager['Villager'/287286, uuid='ca82aae4-b2ee-4f58-b957-9374cf48836a', l='ServerLevel[world]', x=-762.70, y=-45.95, z=1739.30, cpos=[-48, 108], tl=3826, v=true] died, message: 'Villager drowned'
[00:11:48] [Server thread/INFO]: Villager Villager['Villager'/287289, uuid='e8e5ffc1-fb81-48ff-b8b5-1951d66510d1', l='ServerLevel[world]', x=-761.30, y=-43.36, z=1739.30, cpos=[-48, 108], tl=3818, v=true] died, message: 'Villager drowned'
[00:11:51] [Server thread/INFO]: Villager Villager['Villager'/287279, uuid='1e852be0-6177-4215-ac03-9881795d2293', l='ServerLevel[world]', x=-761.61, y=-45.89, z=1739.30, cpos=[-48, 108], tl=3906, v=true] died, message: 'Villager drowned'
[00:11:51] [Server thread/INFO]: Villager Villager['Villager'/287280, uuid='6fae4e64-56da-4645-b20d-1169fd7db267', l='ServerLevel[world]', x=-761.30, y=-42.95, z=1739.70, cpos=[-48, 108], tl=3902, v=true] died, message: 'Villager drowned'
[00:11:51] [Server thread/INFO]: Villager Villager['Villager'/287288, uuid='3a51c5a6-0ac7-454f-ab35-80446b16bbe0', l='ServerLevel[world]', x=-762.70, y=-45.95, z=1739.70, cpos=[-48, 108], tl=3882, v=true] died, message: 'Villager drowned'
[00:11:51] [Server thread/INFO]: Villager Villager['Villager'/287292, uuid='79a0ef92-45c0-4cb2-83dd-289117ecb5d4', l='ServerLevel[world]', x=-761.70, y=-42.96, z=1739.30, cpos=[-48, 108], tl=3874, v=true] died, message: 'Villager drowned'
[00:11:51] [Server thread/INFO]: Villager Villager['Villager'/287295, uuid='897b2e16-5c8e-406c-bfde-77ddf9a10d69', l='ServerLevel[world]', x=-761.70, y=-42.95, z=1739.70, cpos=[-48, 108], tl=3869, v=true] died, message: 'Villager drowned'
[00:11:52] [Server thread/INFO]: Villager Villager['Villager'/287259, uuid='0a26a080-d1c1-4cff-8129-3a6b3dc3ca11', l='ServerLevel[world]', x=-761.30, y=-42.96, z=1739.70, cpos=[-48, 108], tl=3948, v=true] died, message: 'Villager drowned'
[00:11:52] [Server thread/INFO]: Villager Villager['Villager'/287269, uuid='55f8c387-0dba-4565-9533-d4c7794a8f4c', l='ServerLevel[world]', x=-761.30, y=-42.95, z=1739.70, cpos=[-48, 108], tl=3941, v=true] died, message: 'Villager drowned'
[00:11:52] [Server thread/INFO]: Villager Villager['Villager'/287270, uuid='1fa205fb-fc37-4dac-8908-27b46f4ce507', l='ServerLevel[world]', x=-761.30, y=-42.95, z=1739.70, cpos=[-48, 108], tl=3937, v=true] died, message: 'Villager drowned'
[00:11:54] [Server thread/INFO]: Villager Villager['Villager'/287296, uuid='647bf37b-0421-458f-be1f-cf7f65b7581f', l='ServerLevel[world]', x=-761.30, y=-43.14, z=1739.30, cpos=[-48, 108], tl=3925, v=true] died, message: 'Villager drowned while trying to escape [Kingdom of Crepúsculo] Nightmare'
[00:11:55] [Server thread/INFO]: Villager Villager['Villager'/287299, uuid='bd2bcd97-5b28-422d-a5bd-e4abe54d963b', l='ServerLevel[world]', x=-761.30, y=-42.95, z=1739.70, cpos=[-48, 108], tl=3932, v=true] died, message: 'Villager drowned'
[00:11:56] [Server thread/INFO]: Villager Villager['Villager'/287300, uuid='fbb58672-33c3-4ae2-a914-0b13a59900c0', l='ServerLevel[world]', x=-761.30, y=-42.95, z=1739.30, cpos=[-48, 108], tl=3952, v=true] died, message: 'Villager was slain by [Kingdom of Crepúsculo] Nightmare'
[00:12:12] [Async Chat Thread - #121/INFO]: [Not Secure] <ZXxAlanJosuxXZ> esperen
[00:12:17] [Async Chat Thread - #121/INFO]: [Not Secure] <ZXxAlanJosuxXZ> les voy a poner reto
[00:12:21] [Async Chat Thread - #121/INFO]: [Not Secure] <Nightmare> SACAME DE ACA
[00:13:19] [Server thread/INFO]: ZXxAlanJosuxXZ issued server command: /fill -763 61 1739\
[00:13:33] [Async Chat Thread - #123/INFO]: [Not Secure] <ThiagoMc311> eeee pobresita xdd
[00:13:49] [Server thread/INFO]: ZXxAlanJosuxXZ issued server command: /fill -763 61 1739 -762 -63 1738 stone
[00:13:49] [Server thread/INFO]: [ZXxAlanJosuxXZ: Successfully filled 370 block(s)]
[00:13:49] [Server thread/INFO]: Villager Villager['Villager'/287247, uuid='4d3fa282-ce1c-435d-83dd-0b6e1faae34d', l='ServerLevel[world]', x=-762.50, y=-50.00, z=1739.50, cpos=[-48, 108], tl=6327, v=true] died, message: 'Villager suffocated in a wall'
[00:13:52] [Server thread/INFO]: ZXxAlanJosuxXZ issued server command: /tp Nightmare
[00:13:52] [Server thread/INFO]: [ZXxAlanJosuxXZ: Teleported ZXxAlanJosuxXZ to [Kingdom of Crepúsculo] Nightmare]
[00:14:13] [Async Chat Thread - #123/INFO]: [Not Secure] <ThiagoMc311> nightmare me concedes este snifeo :3?
[00:14:15] [Async Chat Thread - #123/INFO]: [Not Secure] <ZXxAlanJosuxXZ> quien es el lider de este reino>>>>
[00:14:17] [Async Chat Thread - #123/INFO]: [Not Secure] <ZXxAlanJosuxXZ> ??
[00:14:21] [Async Chat Thread - #123/INFO]: [Not Secure] <Nightmare> yo
[00:14:21] [Async Chat Thread - #123/INFO]: [Not Secure] <ThiagoMc311> niggamare
[00:14:24] [Async Chat Thread - #123/INFO]: [Not Secure] <Nightmare> si
[00:14:30] [Async Chat Thread - #123/INFO]: [Not Secure] <ZXxAlanJosuxXZ> PVP POR ALDEANOS?
[00:14:38] [Async Chat Thread - #123/INFO]: [Not Secure] <Nightmare> no
[00:14:43] [Server thread/INFO]: ZXxAlanJosuxXZ issued server command: /time set dat
[00:14:48] [Server thread/INFO]: ZXxAlanJosuxXZ issued server command: /time set day
[00:14:48] [Server thread/INFO]: [ZXxAlanJosuxXZ: Set the time to 1000]
[00:14:50] [Async Chat Thread - #123/INFO]: [Not Secure] <ZXxAlanJosuxXZ> bueno
[00:15:01] [Async Chat Thread - #123/INFO]: [Not Secure] <Nightmare> no estoy para pvp
[00:15:01] [Async Chat Thread - #123/INFO]: [Not Secure] <ThiagoMc311> Elpapu_90755Elpapu_90755Elpapu_90755
[00:15:04] [Async Chat Thread - #123/INFO]: [Not Secure] <Nightmare> tengo prote 1 apenas
[00:15:12] [Async Chat Thread - #123/INFO]: [Not Secure] <ThiagoMc311> mismo
[00:15:43] [Server thread/INFO]: ThiagoMc311 lost connection: Disconnected
[00:15:43] [Server thread/INFO]: [Kingdom of Crepúsculo] ThiagoMc311 left the game
[00:15:56] [User Authenticator #58/INFO]: Disconnecting Elprolauty777 (/127.91.110.239:48295): [LoginSecurity] This account is registered under the name elprolauty777, please log in as such.
[00:15:56] [User Authenticator #58/INFO]: UUID of player Elprolauty777 is 0d618339-24b6-3a03-8e27-0de4042cb8e9
[00:15:56] [Server thread/INFO]: Elprolauty777 (/127.91.110.239:48295) lost connection: [LoginSecurity] This account is registered under the name elprolauty777, please log in as such.
[00:16:03] [User Authenticator #58/INFO]: Disconnecting Elprolauty777 (/127.91.110.239:51661): [LoginSecurity] This account is registered under the name elprolauty777, please log in as such.
[00:16:03] [User Authenticator #58/INFO]: UUID of player Elprolauty777 is 0d618339-24b6-3a03-8e27-0de4042cb8e9
[00:16:03] [Server thread/INFO]: Elprolauty777 (/127.91.110.239:51661) lost connection: [LoginSecurity] This account is registered under the name elprolauty777, please log in as such.
[00:16:17] [User Authenticator #58/INFO]: UUID of player ThiagoMc311 is d1697a40-230a-38f1-8314-a0bbe3a22fcc
[00:16:20] [Server thread/INFO]: [Kingdom of Crepúsculo] ThiagoMc311 joined the game
[00:16:20] [Server thread/INFO]: ThiagoMc311[/127.91.110.239:50245] logged in with entity id 290591 at ([world]-761.5937690961122, 65.0, 1715.925000011921)
[00:16:23] [Async Chat Thread - #125/INFO]: [Not Secure] <ThiagoMc311> eh
[00:16:29] [Async Chat Thread - #125/INFO]: [Not Secure] <ThiagoMc311> yo soy el que menos te ignoro >:V
[00:16:57] [Server thread/INFO]: uriel3921 issued server command: /msg Elpapu_90755 donde estas'
[00:17:12] [Async Chat Thread - #126/INFO]: [Not Secure] <ThiagoMc311> ._.
[00:17:30] [Async Chat Thread - #126/INFO]: [Not Secure] <ZXxAlanJosuxXZ> quien me recluta?
[00:17:37] [Async Chat Thread - #126/INFO]: [Not Secure] <ThiagoMc311> no, ni que me gusten las mujeres >:V
[00:17:46] [Async Chat Thread - #126/INFO]: [Not Secure] <ThiagoMc311> no.
[00:17:59] [Async Chat Thread - #126/INFO]: [Not Secure] <ThiagoMc311> no we >:V
[00:18:05] [User Authenticator #59/INFO]: UUID of player ZXxAlanxXZ is e65ed34d-6392-3d6d-979e-244c1757b473
[00:18:08] [Server thread/INFO]: ZXxAlanxXZ joined the game
[00:18:08] [Server thread/INFO]: ZXxAlanxXZ[/127.68.24.143:59019] logged in with entity id 291402 at ([world]-223.5, 84.0, -197.5)
[00:18:12] [Async Chat Thread - #126/INFO]: [Not Secure] <ThiagoMc311> QUE DEJEN DE ABLAR DE MI LOCO
[00:18:27] [Async Chat Thread - #126/INFO]: [Not Secure] <ZXxAlanxXZ> hola
[00:18:27] [Server thread/INFO]: [Not Secure] [Server] como que hablar de ti
[00:18:29] [Async Chat Thread - #126/INFO]: [Not Secure] <ThiagoMc311> DEJEN DE HABLAR O ESPAWNEO EL WITHER
[00:18:31] [Server thread/INFO]: [Not Secure] [Server] alan, unirte o hace
[00:18:36] [Async Chat Thread - #126/INFO]: [Not Secure] <ZXxAlanxXZ> ya veo
[00:18:43] [Async Chat Thread - #126/INFO]: [Not Secure] <ZXxAlanxXZ> quiero ver si me reclutan
[00:19:19] [Async Chat Thread - #126/INFO]: [Not Secure] <ZXxAlanJosuxXZ> alguien me recluta?
[00:19:28] [Async Chat Thread - #126/INFO]: [Not Secure] <uriel3921> xau
[00:19:31] [Async Chat Thread - #126/INFO]: [Not Secure] <ThiagoMc311> tengo ganas de explotar a rulox :V
[00:19:38] [Async Chat Thread - #126/INFO]: [Not Secure] <uriel3921> lo puedo reclutar?
[00:19:45] [Server thread/INFO]: ThiagoMc311 issued server command: /k1
[00:19:48] [Async Chat Thread - #126/INFO]: [Not Secure] <ZXxAlanxXZ> si tu me quieres de una
[00:20:00] [Async Chat Thread - #126/INFO]: [Not Secure] <rulox52> PERDON THIAGO
[00:20:01] [Async Chat Thread - #126/INFO]: [Not Secure] <uriel3921> si dices que si deuna
[00:20:08] [Async Chat Thread - #126/INFO]: [Not Secure] <ZXxAlanxXZ> si quelo
[00:20:13] [Server thread/INFO]: Elpapu_90755 issued server command: /msg uriel3921 en -27555 74 25692
[00:20:30] [Server thread/INFO]: ZXxAlanxXZ has made the advancement [Stone Age]
[00:20:36] [Server thread/INFO]: ZXxAlanxXZ has made the advancement [Getting an Upgrade]
[00:20:38] [Server thread/INFO]: uriel3921 issued server command: /msg Elpapu_90755 -27140 80 25585
[00:20:38] [Async Chat Thread - #126/INFO]: [Not Secure] <ThiagoMc311> asegurado
[00:20:41] [Async Chat Thread - #126/INFO]: [Not Secure] <uriel3921> xau
[00:20:45] [Async Chat Thread - #126/INFO]: [Not Secure] <uriel3921> unilo ami
[00:20:51] [Async Chat Thread - #126/INFO]: [Not Secure] <ZXxAlanxXZ> yo puedo
[00:20:54] [User Authenticator #60/INFO]: UUID of player Xautral is 86f4fd4a-173d-3e06-a1bf-669194d778d7
[00:20:54] [Async Chat Thread - #126/INFO]: [Not Secure] <ZXxAlanxXZ> soy el admin
[00:20:55] [Server thread/INFO]: Xautral joined the game
[00:20:55] [Server thread/INFO]: Xautral[/127.250.243.235:55021] logged in with entity id 292846 at ([world]3571.753574692413, 85.74676761682133, 2356.1144396067875)
[00:20:56] [Async Chat Thread - #126/INFO]: [Not Secure] <uriel3921> pus unite
[00:21:05] [Async Chat Thread - #126/INFO]: [Not Secure] <Xautral> zx,.zx,.zx,zx,.zx,.zx,.zx
[00:21:10] [Async Chat Thread - #126/INFO]: [Not Secure] <Xautral> ZXxAlanxXZ
[00:21:11] [Async Chat Thread - #126/INFO]: [Not Secure] <ZXxAlanJosuxXZ> no se como
[00:21:12] [Async Chat Thread - #126/INFO]: [Not Secure] <ThiagoMc311> eee bueno ya vuelvo estare afk
[00:21:13] [Async Chat Thread - #126/INFO]: [Not Secure] <Xautral> unirte o hacer?
[00:21:17] [Async Chat Thread - #126/INFO]: [Not Secure] <ZXxAlanxXZ> unirme
[00:21:19] [Async Chat Thread - #126/INFO]: [Not Secure] <Xautral> acual
[00:21:23] [Async Chat Thread - #126/INFO]: [Not Secure] <ZXxAlanxXZ> uriel
[00:21:25] [Async Chat Thread - #126/INFO]: [Not Secure] <ThiagoMc311> night usa abreviaciones para escribir rapido :V
[00:21:28] [Server thread/INFO]: Xautral issued server command: /tp ZXxAlanxXZ uriel3921
[00:21:28] [Server thread/INFO]: [Xautral: Teleported ZXxAlanxXZ to [Kingdom of USSR] uriel3921]
[00:21:34] [Server thread/INFO]: Xautral issued server command: /team join USSR ZXxAlanxXZ
[00:21:34] [Server thread/INFO]: [Xautral: Added [Kingdom of USSR] ZXxAlanxXZ to team [USSR]]
[00:21:37] [Async Chat Thread - #126/INFO]: [Not Secure] <uriel3921> me cague todo
[00:21:39] [Async Chat Thread - #126/INFO]: [Not Secure] <ZXxAlanxXZ> xautra;
[00:21:39] [Server thread/INFO]: Xautral issued server command: /team list
[00:21:41] [Async Chat Thread - #126/INFO]: [Not Secure] <Xautral> que puto asco
[00:21:41] [Async Chat Thread - #126/INFO]: [Not Secure] <ThiagoMc311> si quieres decir algo largo solo di las iniciales que se como se leen
[00:21:41] [Async Chat Thread - #126/INFO]: [Not Secure] <Elpapu_90755> me pueden hacer tp a uriel porf
[00:21:45] [Server thread/INFO]: Xautral issued server command: /team remove Temido
[00:21:45] [Server thread/INFO]: [Xautral: Removed team [Temido]]
[00:21:54] [Async Chat Thread - #126/INFO]: [Not Secure] <ZXxAlanxXZ> xautral
[00:21:54] [Server thread/INFO]: Xautral issued server command: /tp Elpapu_90755 uriel3921
[00:21:54] [Server thread/INFO]: [Xautral: Teleported [Kingdom of USSR] Elpapu_90755 to [Kingdom of USSR] uriel3921]
[00:21:56] [Server thread/INFO]: Xautral issued server command: /team list Titan
[00:22:00] [Server thread/INFO]: Xautral issued server command: /team remove Titan
[00:22:00] [Server thread/INFO]: [Xautral: Removed team [Titan]]
[00:22:04] [Server thread/INFO]: Xautral issued server command: /team list Omega
[00:22:08] [Async Chat Thread - #126/INFO]: [Not Secure] <ThiagoMc311> por ejemplo si quiero decir "denme mas nexos que no tengo" digo dn q t
[00:22:14] [Async Chat Thread - #126/INFO]: [Not Secure] <ZXxAlanxXZ> como se agrega gente a un equipo xautral?
[00:22:18] [Async Chat Thread - #126/INFO]: [Not Secure] <ThiagoMc311> afk
[00:22:22] [Server thread/INFO]: [Kingdom of USSR] ZXxAlanxXZ has made the advancement [Diamonds!]
[00:22:24] [Async Chat Thread - #126/INFO]: [Not Secure] <Xautral> pones /team join [Equipo] [Persona]
[00:22:26] [Server thread/INFO]: Xautral issued server command: /team list
[00:22:31] [Server thread/INFO]: Xautral issued server command: /team list Doku
[00:22:37] [Server thread/INFO]: Xautral issued server command: /team remove Doku
[00:22:37] [Server thread/INFO]: [Xautral: Removed team [Doku]]
[00:22:40] [Server thread/INFO]: Xautral issued server command: /team list Roman
[00:22:44] [Server thread/INFO]: Xautral issued server command: /team remove Roman
[00:22:44] [Server thread/INFO]: [Xautral: Removed team [Roman]]
[00:22:45] [Async Chat Thread - #126/INFO]: [Not Secure] <uriel3921> dejen de pegarse
[00:22:48] [Server thread/INFO]: Xautral issued server command: /team list
[00:22:50] [Server thread/INFO]: [Kingdom of USSR] ZXxAlanxXZ has made the advancement [Cover Me with Diamonds]
[00:22:54] [Server thread/INFO]: Xautral issued server command: /team list Weasdooms
[00:22:59] [Server thread/INFO]: Xautral issued server command: /team remove Weasdooms
[00:22:59] [Server thread/INFO]: [Xautral: Removed team [Weasdooms]]
[00:23:00] [Server thread/INFO]: Xautral issued server command: /team list Weasdooms
[00:23:03] [Server thread/INFO]: Xautral issued server command: /team list
[00:23:19] [Async Chat Thread - #126/INFO]: [Not Secure] <ZXxAlanxXZ> tiene portal?
[00:23:22] [Server thread/INFO]: uriel3921 issued server command: /teammsg escuchen aca las cosas claras
[00:23:24] [Server thread/INFO]: Xautral issued server command: /team modify Dxmonic displayName {"text":"Dxmonic","color":"dark_blue"}
[00:23:24] [Server thread/INFO]: [Xautral: Updated the name of team [Dxmonic]]
[00:23:29] [Server thread/INFO]: [Xautral: Set own game mode to Spectator Mode]
[00:23:31] [Server thread/INFO]: Xautral issued server command: /tp Nightmare
[00:23:31] [Server thread/INFO]: [Xautral: Teleported Xautral to [Kingdom of Crepúsculo] Nightmare]
[00:23:34] [Async Chat Thread - #125/INFO]: [Not Secure] <Xautral> ey
[00:23:36] [Async Chat Thread - #125/INFO]: [Not Secure] <Xautral> quesadilla
[00:23:46] [Server thread/INFO]: ZXxAlanJosuxXZ issued server command: /gamemode spectator
[00:23:46] [Server thread/INFO]: [ZXxAlanJosuxXZ: Set own game mode to Spectator Mode]
[00:23:47] [Server thread/INFO]: Xautral issued server command: /tag @a remove target
[00:23:47] [Server thread/INFO]: [Xautral: Removed tag 'target' from 8 entities]
[00:23:51] [Async Chat Thread - #125/INFO]: [Not Secure] <ZXxAlanxXZ> ??
[00:23:52] [Server thread/INFO]: uriel3921 issued server command: /teammsg no unan a nadie anocer que me pregunten ami
[00:23:55] [Async Chat Thread - #126/INFO]: [Not Secure] <Xautral> le hablo a Nightmare
[00:23:57] [Server thread/INFO]: ZXxAlanJosuxXZ issued server command: /tp ZXxAlanxXZ
[00:23:57] [Server thread/INFO]: [ZXxAlanJosuxXZ: Teleported ZXxAlanJosuxXZ to [Kingdom of USSR] ZXxAlanxXZ]
[00:23:58] [Async Chat Thread - #126/INFO]: [Not Secure] <uriel3921> no hay portal
[00:23:59] [Server thread/INFO]: ZXxAlanJosuxXZ issued server command: /attribute ZXxAlanJosuxXZ minecraft:scale base set 0.1
[00:24:01] [Async Chat Thread - #126/INFO]: [Not Secure] <Nightmare> q
[00:24:10] [Server thread/INFO]: Xautral issued server command: /summon minecraft:lightning_bolt
[00:24:10] [Server thread/INFO]: [Xautral: Summoned new Lightning Bolt]
[00:24:11] [Server thread/INFO]: [Kingdom of Crepúsculo] rulox52 has made the advancement [Surge Protector]
[00:24:11] [Server thread/INFO]: Xautral has made the advancement [Surge Protector]
[00:24:11] [Server thread/INFO]: Xautral issued server command: /summon minecraft:lightning_bolt
[00:24:11] [Server thread/INFO]: [Xautral: Summoned new Lightning Bolt]
[00:24:12] [Async Chat Thread - #126/INFO]: [Not Secure] <Nightmare> que paso?
[00:24:14] [Server thread/INFO]: Xautral issued server command: /summon minecraft:lightning_bolt
[00:24:14] [Server thread/INFO]: [Xautral: Summoned new Lightning Bolt]
[00:24:17] [Server thread/INFO]: Xautral issued server command: /summon minecraft:lightning_bolt
[00:24:17] [Server thread/INFO]: [Xautral: Summoned new Lightning Bolt]
[00:24:17] [Server thread/INFO]: Xautral issued server command: /summon minecraft:lightning_bolt
[00:24:17] [Server thread/INFO]: [Xautral: Summoned new Lightning Bolt]
[00:24:18] [Server thread/INFO]: Xautral issued server command: /summon minecraft:lightning_bolt
[00:24:18] [Server thread/INFO]: [Xautral: Summoned new Lightning Bolt]
[00:24:18] [Server thread/INFO]: Xautral issued server command: /summon minecraft:lightning_bolt
[00:24:18] [Server thread/INFO]: [Xautral: Summoned new Lightning Bolt]
[00:24:29] [Server thread/INFO]: Xautral issued server command: /summon minecraft:lightning_bolt
[00:24:29] [Server thread/INFO]: [Xautral: Summoned new Lightning Bolt]
[00:24:29] [Async Chat Thread - #126/INFO]: [Not Secure] <Nightmare> son los admin de seguro
[00:24:31] [Async Chat Thread - #126/INFO]: [Not Secure] <ZXxAlanxXZ> y por donde fuiste?
[00:24:33] [Server thread/INFO]: uriel3921 issued server command: /teammsg segundo siquieren tomar algo se pide prestado y tercero anadie le pasan las cords A NAIDE
[00:24:35] [Async Chat Thread - #125/INFO]: [Not Secure] <Xautral> que cosa
[00:24:37] [Async Chat Thread - #125/INFO]: [Not Secure] <Xautral> Nightmare
[00:24:38] [Async Chat Thread - #125/INFO]: [Not Secure] <Nightmare> Xautral
[00:24:41] [Async Chat Thread - #125/INFO]: [Not Secure] <Nightmare> que paso q me hablaste
[00:24:45] [Async Chat Thread - #125/INFO]: [Not Secure] <Xautral> te voy a dar ban por Sindrome de Blah_Blah_Demo
[00:24:49] [Async Chat Thread - #125/INFO]: [Not Secure] <Nightmare> q
[00:24:52] [Async Chat Thread - #125/INFO]: [Not Secure] <Nightmare> y porq
[00:25:00] [Async Chat Thread - #126/INFO]: [Not Secure] <Xautral> culpar a los admins/odiar a los admins sin justificacion
[00:25:02] [Server thread/INFO]: ZXxAlanJosuxXZ issued server command: /gamemode creative
[00:25:02] [Server thread/INFO]: [ZXxAlanJosuxXZ: Set own game mode to Creative Mode]
[00:25:05] [Server thread/INFO]: uriel3921 issued server command: /teammsg entendieron?
[00:25:06] [Async Chat Thread - #125/INFO]: [Not Secure] <Nightmare> si no dije nada
[00:25:13] [Async Chat Thread - #125/INFO]: [Not Secure] <Elpapu_90755> ok
[00:25:13] [Async Chat Thread - #125/INFO]: [Not Secure] <Xautral> "son los admins de seguro"
[00:25:19] [Async Chat Thread - #125/INFO]: [Not Secure] <Nightmare> y por los rayos
[00:25:22] [Async Chat Thread - #125/INFO]: [Not Secure] <Xautral> men
[00:25:27] [Async Chat Thread - #125/INFO]: [Not Secure] <Xautral> es lluvia de tormenta
[00:25:34] [Async Chat Thread - #125/INFO]: [Not Secure] <Xautral> obviamente saldrán rays
[00:25:37] [Server thread/INFO]: Xautral issued server command: /summon minecraft:lightning_bolt
[00:25:37] [Server thread/INFO]: [Xautral: Summoned new Lightning Bolt]
[00:25:42] [Server thread/INFO]: ZXxAlanJosuxXZ issued server command: /time set day
[00:25:42] [Server thread/INFO]: [ZXxAlanJosuxXZ: Set the time to 1000]
[00:25:44] [Server thread/INFO]: Xautral issued server command: /tp Elpapu_90755
[00:25:44] [Server thread/INFO]: [Xautral: Teleported Xautral to [Kingdom of USSR] Elpapu_90755]
[00:25:46] [Async Chat Thread - #125/INFO]: [Not Secure] <Nightmare> y como caerian 30 rayos y vos tendrias el logro al mismo tiempo q rulox52
[00:25:52] [Async Chat Thread - #125/INFO]: [Not Secure] <Xautral> men
[00:25:54] [Async Chat Thread - #125/INFO]: [Not Secure] <Xautral> estaba con ZXxAlanJosuxXZ
[00:25:56] [Server thread/INFO]: [Kingdom of USSR] ZXxAlanxXZ has made the advancement [Monster Hunter]
[00:25:58] [Async Chat Thread - #125/INFO]: [Not Secure] <Xautral> que el estaba con ustedes
[00:26:07] [Async Chat Thread - #125/INFO]: [Not Secure] <Xautral> y solo cayó 1
[00:26:09] [Async Chat Thread - #125/INFO]: [Not Secure] <ZXxAlanxXZ> uriel
[00:26:11] [Async Chat Thread - #125/INFO]: [Not Secure] <ZXxAlanxXZ> mirame
[00:26:11] [Async Chat Thread - #125/INFO]: [Not Secure] <uriel3921> q
[00:26:12] [Async Chat Thread - #125/INFO]: [Not Secure] <Xautral> cuales 3
[00:26:12] [Async Chat Thread - #125/INFO]: [Not Secure] <Nightmare> ok
[00:26:14] [Async Chat Thread - #125/INFO]: [Not Secure] <Xautral> 30*
[00:26:21] [Async Chat Thread - #125/INFO]: [Not Secure] <ZXxAlanxXZ> soy una pulga
[00:26:25] [Server thread/INFO]: [Xautral: Set own game mode to Creative Mode]
[00:26:25] [Async Chat Thread - #125/INFO]: [Not Secure] <uriel3921> sisi
[00:26:33] [Async Chat Thread - #125/INFO]: [Not Secure] <uriel3921> anda a buscar lava
[00:26:40] [Server thread/INFO]: Xautral issued server command: /gamemode survival ZXxAlanJosuxXZ
[00:26:40] [Server thread/INFO]: [Xautral: Set ZXxAlanJosuxXZ's game mode to Survival Mode]
[00:26:45] [Async Chat Thread - #125/INFO]: [Not Secure] <Nightmare> rulox
[00:26:50] [Async Chat Thread - #125/INFO]: [Not Secure] <Nightmare> hablamos por dc
[00:26:53] [Server thread/INFO]: ZXxAlanJosuxXZ was slain by Xautral
[00:26:57] [Async Chat Thread - #126/INFO]: [Not Secure] <ZXxAlanxXZ> mejor es en mina
[00:27:07] [Async Chat Thread - #126/INFO]: [Not Secure] <ZXxAlanJosuxXZ> xautral
[00:27:09] [Async Chat Thread - #126/INFO]: [Not Secure] <Xautral> que
[00:27:19] [Async Chat Thread - #126/INFO]: [Not Secure] <ZXxAlanJosuxXZ> pq hay diamnes en spawn?
[00:27:22] [Server thread/INFO]: ZXxAlanJosuxXZ issued server command: /gamemode creative
[00:27:22] [Server thread/INFO]: [ZXxAlanJosuxXZ: Set own game mode to Creative Mode]
[00:27:24] [Server thread/INFO]: Xautral issued server command: /tp ZXxAlanxXZ
[00:27:24] [Server thread/INFO]: [Xautral: Teleported Xautral to [Kingdom of USSR] ZXxAlanxXZ]
[00:27:25] [Async Chat Thread - #126/INFO]: [Not Secure] <Xautral> es una mina
[00:27:28] [Async Chat Thread - #126/INFO]: [Not Secure] <Xautral> muy rgande
[00:27:32] [Async Chat Thread - #126/INFO]: [Not Secure] <Xautral> tiene netherite
[00:27:33] [Async Chat Thread - #126/INFO]: [Not Secure] <Xautral> diamante
[00:27:34] [Async Chat Thread - #126/INFO]: [Not Secure] <Xautral> hierro
[00:27:35] [Async Chat Thread - #126/INFO]: [Not Secure] <ZXxAlanJosuxXZ> a
[00:27:36] [Async Chat Thread - #126/INFO]: [Not Secure] <Xautral> esmeralda
[00:27:37] [Async Chat Thread - #126/INFO]: [Not Secure] <Xautral> lapis
[00:27:37] [Server thread/INFO]: Elpapu_90755 issued server command: /msg ZXxAlanxXZ por cierto si vas al nether as el portal como a 1000 bloques de aqui para que no encuentres nuestra base
[00:27:38] [Async Chat Thread - #125/INFO]: [Not Secure] <Xautral> todo
[00:27:40] [Async Chat Thread - #125/INFO]: [Not Secure] <ZXxAlanJosuxXZ> pero no deja apicar jaja
[00:27:47] [Async Chat Thread - #126/INFO]: [Not Secure] <Xautral> a nu ma si cierto
[00:27:49] [Server thread/INFO]: Xautral issued server command: /tp 0 0 0
[00:27:49] [Server thread/INFO]: [Xautral: Teleported Xautral to 0.500000, 0.000000, 0.500000]
[00:27:56] [Async Chat Thread - #126/INFO]: [Not Secure] <Nightmare> B}
[00:27:58] [Async Chat Thread - #126/INFO]: [Not Secure] <Nightmare> BASTA
[00:28:01] [Async Chat Thread - #126/INFO]: [Not Secure] <ThiagoMc311> axdd
[00:28:01] [Async Chat Thread - #126/INFO]: [Not Secure] <ZXxAlanJosuxXZ> xautral otra pregunta
[00:28:07] [Server thread/INFO]: Xautral issued server command: /setblock ~ ~ ~ minecraft:allium
[00:28:07] [Server thread/INFO]: [Xautral: Changed the block at -1, -2, 1]
[00:28:07] [Async Chat Thread - #126/INFO]: [Not Secure] <Xautral> que
[00:28:07] [Async Chat Thread - #126/INFO]: [Not Secure] <Nightmare> HIJO DE TU MADRE
[00:28:10] [Async Chat Thread - #126/INFO]: [Not Secure] <ZXxAlanJosuxXZ> ya no hay keep inventory verdad?
[00:28:11] [Async Chat Thread - #126/INFO]: [Not Secure] <ThiagoMc311> si soy por?
[00:28:15] [Server thread/INFO]: [Xautral: Set own game mode to Spectator Mode]
[00:28:17] [Async Chat Thread - #126/INFO]: [Not Secure] <Nightmare> DEJA DE JODER CON TU PUTO TRIDENTE DE MIERDA
[00:28:18] [Server thread/INFO]: [Xautral: Set own game mode to Creative Mode]
[00:28:20] [Async Chat Thread - #126/INFO]: [Not Secure] <ThiagoMc311> oka
[00:28:23] [Server thread/INFO]: Xautral issued server command: /tp 0 0 0
[00:28:23] [Server thread/INFO]: [Xautral: Teleported Xautral to 0.500000, 0.000000, 0.500000]
[00:28:30] [Async Chat Thread - #126/INFO]: [Not Secure] <ZXxAlanxXZ> uriel
[00:28:38] [Async Chat Thread - #126/INFO]: [Not Secure] <Xautral> no
[00:28:40] [Server thread/INFO]: Xautral issued server command: /gamerule keepInventory
[00:28:51] [Server thread/INFO]: [Xautral: Set own game mode to Spectator Mode]
[00:28:54] [Async Chat Thread - #126/INFO]: [Not Secure] <ThiagoMc311> dicten reglas de thiago pe
[00:29:05] [Async Chat Thread - #126/INFO]: [Not Secure] <ThiagoMc311> asi se que puedo hacer y que no
[00:29:06] [Server thread/INFO]: Xautral issued server command: /fill ~22 ~22 ~22 ~-22 ~ ~-22 air destroy
[00:29:12] [Async Chat Thread - #126/INFO]: [Not Secure] <ZXxAlanJosuxXZ> tampoco barra spawn?
[00:29:17] [Server thread/INFO]: Xautral issued server command: /fill ~12 ~12 ~12 ~-12 ~ ~-12 air
[00:29:17] [Server thread/INFO]: [Xautral: Successfully filled 7198 block(s)]
[00:29:20] [Server thread/INFO]: Xautral issued server command: /fill ~12 ~12 ~12 ~-12 ~ ~-12 air
[00:29:20] [Server thread/INFO]: [Xautral: Successfully filled 2182 block(s)]
[00:29:21] [Server thread/INFO]: Xautral issued server command: /fill ~12 ~12 ~12 ~-12 ~ ~-12 air
[00:29:21] [Server thread/INFO]: [Xautral: Successfully filled 214 block(s)]
[00:29:22] [Server thread/INFO]: Xautral issued server command: /fill ~12 ~12 ~12 ~-12 ~ ~-12 air
[00:29:22] [Server thread/INFO]: [Xautral: Successfully filled 92 block(s)]
[00:29:24] [Server thread/INFO]: Xautral issued server command: /fill ~12 ~12 ~12 ~-12 ~ ~-12 air
[00:29:24] [Server thread/INFO]: [Xautral: Successfully filled 397 block(s)]
[00:29:25] [Async Chat Thread - #126/INFO]: [Not Secure] <ZXxAlanJosuxXZ> xautral no puedes poner ni un home?
[00:29:26] [Server thread/INFO]: Xautral issued server command: /fill ~12 ~12 ~12 ~-12 ~ ~-12 air
[00:29:27] [Server thread/INFO]: [Xautral: Successfully filled 1501 block(s)]
[00:29:28] [Server thread/INFO]: Xautral issued server command: /fill ~12 ~12 ~12 ~-12 ~ ~-12 air
[00:29:28] [Server thread/INFO]: [Xautral: Successfully filled 2140 block(s)]
[00:29:29] [Server thread/INFO]: Xautral issued server command: /fill ~12 ~12 ~12 ~-12 ~ ~-12 air
[00:29:29] [Server thread/INFO]: [Xautral: Successfully filled 1944 block(s)]
[00:29:30] [Server thread/INFO]: Xautral issued server command: /fill ~12 ~12 ~12 ~-12 ~ ~-12 air
[00:29:30] [Server thread/INFO]: [Xautral: Successfully filled 618 block(s)]
[00:29:31] [Server thread/INFO]: Xautral issued server command: /fill ~12 ~12 ~12 ~-12 ~ ~-12 air
[00:29:31] [Server thread/INFO]: [Xautral: Successfully filled 370 block(s)]
[00:29:34] [Server thread/INFO]: ThiagoMc311 issued server command: /homes
[00:29:36] [Server thread/INFO]: ThiagoMc311 issued server command: /sethome
[00:29:41] [Async Chat Thread - #126/INFO]: [Not Secure] <Nightmare> rulox
[00:29:43] [Server thread/INFO]: ThiagoMc311 issued server command: /k1
[00:29:47] [Async Chat Thread - #126/INFO]: [Not Secure] <Nightmare> tienen coordenadas de nuestra base
[00:29:48] [Async Chat Thread - #126/INFO]: [Not Secure] <Xautral> ya viste el pedote que se hizo porque el luchifra se tepeo a otro lugar despues de raidear?
[00:29:49] [Server thread/INFO]: [Xautral: Set own game mode to Creative Mode]
[00:29:51] [Server thread/INFO]: Xautral issued server command: /fill ~12 ~12 ~12 ~-12 ~ ~-12 air
[00:29:51] [Server thread/INFO]: [Xautral: Successfully filled 23 block(s)]
[00:29:51] [Async Chat Thread - #126/INFO]: [Not Secure] <ThiagoMc311> QUIEN??
[00:29:53] [Server thread/INFO]: Xautral issued server command: /fill ~12 ~12 ~12 ~-12 ~ ~-12 air
[00:29:53] [Server thread/INFO]: [Xautral: Successfully filled 738 block(s)]
[00:29:58] [Async Chat Thread - #126/INFO]: [Not Secure] <ThiagoMc311> QUIEN tiENE WE?
[00:29:59] [Server thread/INFO]: Xautral issued server command: /fill ~12 ~12 ~12 ~-12 ~ ~-12 air
[00:29:59] [Server thread/INFO]: [Xautral: Successfully filled 309 block(s)]
[00:30:01] [Server thread/INFO]: Xautral issued server command: /fill ~12 ~12 ~12 ~-12 ~ ~-12 air
[00:30:01] [Server thread/INFO]: [Xautral: Successfully filled 203 block(s)]
[00:30:02] [Server thread/INFO]: Xautral issued server command: /fill ~12 ~12 ~12 ~-12 ~ ~-12 air
[00:30:02] [Server thread/INFO]: [Xautral: Successfully filled 120 block(s)]
[00:30:02] [Async Chat Thread - #126/INFO]: [Not Secure] <ThiagoMc311> QUIEN FUE??
[00:30:04] [Async Chat Thread - #126/INFO]: [Not Secure] <ThiagoMc311> QUIEN?
[00:30:06] [Async Chat Thread - #126/INFO]: [Not Secure] <Nightmare> Elprolauty777
[00:30:09] [Server thread/INFO]: Xautral issued server command: /fill ~12 ~12 ~12 ~-12 ~ ~-12 air
[00:30:09] [Server thread/INFO]: [Xautral: Successfully filled 2582 block(s)]
[00:30:10] [Async Chat Thread - #126/INFO]: [Not Secure] <ThiagoMc311> COMO??
[00:30:12] [Server thread/INFO]: Xautral issued server command: /fill ~12 ~12 ~12 ~-12 ~ ~-12 air
[00:30:12] [Server thread/INFO]: [Xautral: Successfully filled 552 block(s)]
[00:30:16] [Server thread/INFO]: Xautral issued server command: /fill ~12 ~12 ~12 ~-12 ~ ~-12 air
[00:30:16] [Server thread/INFO]: [Xautral: Successfully filled 92 block(s)]
[00:30:20] [Server thread/INFO]: Xautral issued server command: /fill ~12 ~12 ~12 ~-12 ~ ~-12 air
[00:30:20] [Server thread/INFO]: [Xautral: Successfully filled 417 block(s)]
[00:30:20] [Async Chat Thread - #126/INFO]: [Not Secure] <ThiagoMc311> la foto que subi???
[00:30:21] [Async Chat Thread - #126/INFO]: [Not Secure] <Nightmare> te esta diciendo por el dc
[00:30:22] [Server thread/INFO]: Xautral issued server command: /fill ~12 ~12 ~12 ~-12 ~ ~-12 air
[00:30:22] [Server thread/INFO]: [Xautral: Successfully filled 17 block(s)]
[00:30:26] [Server thread/INFO]: Xautral issued server command: /locate biome minecraft:sunflower_plains
[00:30:27] [Server thread/INFO]: Locating element minecraft:sunflower_plains took 752 ms
[00:30:29] [Server thread/INFO]: Xautral issued server command: /tp @s -1755 68 -1683
[00:30:29] [Server thread/INFO]: [Xautral: Teleported Xautral to -1754.500000, 68.000000, -1682.500000]
[00:30:41] [Server thread/INFO]: Xautral issued server command: /locate structure minecraft:ancient_city
[00:30:42] [Server thread/INFO]: Locating element minecraft:ancient_city took 1124 ms
[00:30:43] [Async Chat Thread - #126/INFO]: [Not Secure] <ZXxAlanJosuxXZ> NO VI
[00:30:44] [Server thread/INFO]: Xautral issued server command: /tp @s -960 ~ -3280
[00:30:44] [Server thread/INFO]: [Xautral: Teleported Xautral to -959.500000, 102.483166, -3279.500000]
[00:30:47] [Async Chat Thread - #126/INFO]: [Not Secure] <ZXxAlanJosuxXZ> POR ESO PREGUNTO
[00:30:47] [Async Chat Thread - #126/INFO]: [Not Secure] <Nightmare> fijate dc general en el server
[00:30:51] [Server thread/INFO]: ZXxAlanJosuxXZ issued server command: /tp Xautral
[00:30:51] [Server thread/INFO]: [ZXxAlanJosuxXZ: Teleported ZXxAlanJosuxXZ to Xautral]
[00:30:52] [Async Chat Thread - #126/INFO]: [Not Secure] <ThiagoMc311> eee
[00:30:54] [Server thread/INFO]: Xautral issued server command: /locate biome minecraft:deep_lukewarm_ocean
[00:30:55] [Server thread/INFO]: Locating element minecraft:deep_lukewarm_ocean took 1218 ms
[00:30:55] [Server thread/INFO]: ZXxAlanJosuxXZ issued server command: /gamemode spectator
[00:30:55] [Server thread/INFO]: [ZXxAlanJosuxXZ: Set own game mode to Spectator Mode]
[00:30:56] [Async Chat Thread - #126/INFO]: [Not Secure] <ThiagoMc311> night
[00:30:57] [Server thread/INFO]: Xautral issued server command: /tp @s 1088 102 -4688
[00:30:57] [Server thread/INFO]: [Xautral: Teleported Xautral to 1088.500000, 102.000000, -4687.500000]
[00:30:58] [Async Chat Thread - #125/INFO]: [Not Secure] <Nightmare> q
[00:31:02] [Server thread/INFO]: Xautral issued server command: /locate biome minecraft:plains
[00:31:02] [Server thread/INFO]: Locating element minecraft:plains took 5 ms
[00:31:04] [Server thread/INFO]: Xautral issued server command: /tp @s 961 94 -4528
[00:31:04] [Server thread/INFO]: [Xautral: Teleported Xautral to 961.500000, 94.000000, -4527.500000]
[00:31:09] [Server thread/INFO]: ZXxAlanJosuxXZ issued server command: /tp Xautral
[00:31:09] [Server thread/INFO]: [ZXxAlanJosuxXZ: Teleported ZXxAlanJosuxXZ to Xautral]
[00:31:11] [Async Chat Thread - #125/INFO]: [Not Secure] <ThiagoMc311> creo que repetire la Ur denuevo okay?
[00:31:13] [Async Chat Thread - #125/INFO]: [Not Secure] <Nightmare> dale rulox52
[00:31:20] [Async Chat Thread - #125/INFO]: [Not Secure] <Nightmare> q ur
[00:31:21] [Async Chat Thread - #125/INFO]: [Not Secure] <ThiagoMc311> la operacion UR quieres?
[00:31:21] [Server thread/INFO]: Xautral issued server command: /setworldspawn ~ ~ ~
[00:31:21] [Server thread/INFO]: [Xautral: Set the world spawn point to 942, 67, -4517 [0.0]]
[00:31:27] [Async Chat Thread - #125/INFO]: [Not Secure] <Nightmare> Ok
[00:31:29] [Server thread/INFO]: Xautral issued server command: /tp Xautral 942 67 -4517
[00:31:29] [Server thread/INFO]: [Xautral: Teleported Xautral to 942.500000, 67.000000, -4516.500000]
[00:31:30] [Server thread/INFO]: Xautral issued server command: /tp Xautral 942 67 -4517
[00:31:30] [Server thread/INFO]: [Xautral: Teleported Xautral to 942.500000, 67.000000, -4516.500000]
[00:31:32] [Server thread/INFO]: Xautral issued server command: /tp Xautral 942 67 -4517
[00:31:32] [Server thread/INFO]: [Xautral: Teleported Xautral to 942.500000, 67.000000, -4516.500000]
[00:31:36] [Server thread/INFO]: ThiagoMc311 issued server command: /msg Nightmare operacion uriel entrar en su cuenta sacar cords raidear
[00:31:38] [Server thread/INFO]: ZXxAlanJosuxXZ issued server command: /spawn
[00:31:40] [Server thread/INFO]: Xautral issued server command: /setworldspawn 942 67 -4516
[00:31:40] [Server thread/INFO]: [Xautral: Set the world spawn point to 942, 67, -4516 [0.0]]
[00:31:45] [Server thread/INFO]: Xautral issued server command: /tp Xautral 0 0 0
[00:31:45] [Server thread/INFO]: [Xautral: Teleported Xautral to 0.500000, 0.000000, 0.500000]
[00:31:45] [Async Chat Thread - #126/INFO]: [Not Secure] <Nightmare> rulox
[00:31:48] [Async Chat Thread - #126/INFO]: [Not Secure] <Nightmare> fijate el dc del team
[00:31:49] [Server thread/INFO]: ZXxAlanJosuxXZ issued server command: /kill
[00:31:49] [Server thread/INFO]: ZXxAlanJosuxXZ was killed
[00:31:49] [Server thread/INFO]: [ZXxAlanJosuxXZ: Killed ZXxAlanJosuxXZ]
[00:31:55] [Server thread/INFO]: ZXxAlanJosuxXZ issued server command: /kill
[00:31:55] [Server thread/INFO]: ZXxAlanJosuxXZ was killed
[00:31:55] [Server thread/INFO]: [ZXxAlanJosuxXZ: Killed ZXxAlanJosuxXZ]
[00:31:59] [Server thread/INFO]: ThiagoMc311 issued server command: /msg rulox52 UR = operacion uriel entrar en su cuenta sacar cords raidear
[00:32:06] [Server thread/INFO]: ZXxAlanxXZ lost connection: Disconnected
[00:32:06] [Server thread/INFO]: [Kingdom of USSR] ZXxAlanxXZ left the game
[00:32:06] [Server thread/INFO]: Elpapu_90755 lost connection: Disconnected
[00:32:06] [Server thread/INFO]: [Kingdom of USSR] Elpapu_90755 left the game
[00:32:10] [Async Chat Thread - #125/INFO]: [Not Secure] <Xautral> que pedo
[00:32:13] [Async Chat Thread - #125/INFO]: [Not Secure] <Xautral> son gemelos o que verga
[00:32:14] [Async Chat Thread - #125/INFO]: [Not Secure] <uriel3921> xd
[00:32:16] [Async Chat Thread - #125/INFO]: [Not Secure] <Nightmare> XD
[00:32:19] [Server thread/INFO]: rulox52 lost connection: Disconnected
[00:32:19] [Server thread/INFO]: [Kingdom of Crepúsculo] rulox52 left the game
[00:32:23] [Async Chat Thread - #125/INFO]: [Not Secure] <ZXxAlanJosuxXZ> quiero ayudarte jajaj
[00:32:23] [Async Chat Thread - #125/INFO]: [Not Secure] <Xautral> ahi va el trillizo
[00:32:41] [Server thread/INFO]: Xautral issued server command: /tp 0 0 0
[00:32:41] [Server thread/INFO]: [Xautral: Teleported Xautral to 0.500000, 0.000000, 0.500000]
[00:32:47] [Server thread/INFO]: ZXxAlanJosuxXZ issued server command: /kill
[00:32:47] [Server thread/INFO]: ZXxAlanJosuxXZ was killed
[00:32:47] [Server thread/INFO]: [ZXxAlanJosuxXZ: Killed ZXxAlanJosuxXZ]
[00:32:51] [Server thread/INFO]: ZXxAlanJosuxXZ issued server command: /tp Xautral
[00:32:51] [Server thread/INFO]: [ZXxAlanJosuxXZ: Teleported ZXxAlanJosuxXZ to Xautral]
[00:32:54] [Async Chat Thread - #125/INFO]: [Not Secure] <Nightmare> q
[00:33:00] [Async Chat Thread - #125/INFO]: [Not Secure] <uriel3921> ya se savia
[00:33:02] [Async Chat Thread - #125/INFO]: [Not Secure] <ThiagoMc311> uh
[00:33:07] [Async Chat Thread - #125/INFO]: [Not Secure] <ThiagoMc311> EHH
[00:33:08] [Server thread/INFO]: ZXxAlanJosuxXZ issued server command: /gamemode creative
[00:33:08] [Server thread/INFO]: [ZXxAlanJosuxXZ: Set own game mode to Creative Mode]
[00:33:09] [Async Chat Thread - #125/INFO]: [Not Secure] <ThiagoMc311> sehh
[00:33:09] [Async Chat Thread - #125/INFO]: [Not Secure] <Xautral> si hubo admin abuse?
[00:33:10] [Async Chat Thread - #125/INFO]: [Not Secure] <uriel3921> eeehh
[00:33:14] [Async Chat Thread - #125/INFO]: [Not Secure] <uriel3921> si
[00:33:14] [Async Chat Thread - #125/INFO]: [Not Secure] <ThiagoMc311> repetirann
[00:33:15] [Async Chat Thread - #125/INFO]: [Not Secure] <Nightmare> si Xautral
[00:33:16] [Async Chat Thread - #125/INFO]: [Not Secure] <Xautral> es qye estoy limpiando comandos
[00:33:20] [Async Chat Thread - #125/INFO]: [Not Secure] <ThiagoMc311> tomare gaseosa esperen
[00:33:25] [User Authenticator #61/INFO]: UUID of player ShanayX2 is d66cd3e6-f582-3816-97ee-20d5393d01c6
[00:33:26] [Async Chat Thread - #125/INFO]: [Not Secure] <Xautral> gaseosa
[00:33:27] [Async Chat Thread - #125/INFO]: [Not Secure] <Xautral> pendejo
[00:33:31] [Server thread/INFO]: [Realm of Dxmonic Players] ShanayX2 joined the game
[00:33:31] [Server thread/INFO]: ShanayX2[/127.199.137.221:52135] logged in with entity id 300426 at ([world_nether]-797.6710682423418, 35.0, 1037.699999988079)
[00:33:32] [Async Chat Thread - #125/INFO]: [Not Secure] <Xautral> el puto refresco wey
[00:33:38] [Async Chat Thread - #125/INFO]: [Not Secure] <ZXxAlanJosuxXZ> noooooooooooooooooooooooooooooooooo
[00:33:41] [Server thread/INFO]: Xautral issued server command: /attribute @r minecraft:scale base reset
[00:33:41] [Server thread/INFO]: Xautral issued server command: /attribute @r minecraft:scale base reset
[00:33:41] [Async Chat Thread - #125/INFO]: [Not Secure] <Nightmare> es argentino
[00:33:41] [Server thread/INFO]: Xautral issued server command: /attribute @r minecraft:scale base reset
[00:33:41] [Server thread/INFO]: Xautral issued server command: /attribute @r minecraft:scale base reset
[00:33:42] [Server thread/INFO]: Xautral issued server command: /attribute @r minecraft:scale base reset
[00:33:42] [Async Chat Thread - #125/INFO]: [Not Secure] <ZXxAlanJosuxXZ> iba a poner algo
[00:33:43] [Server thread/INFO]: Xautral issued server command: /attribute @r minecraft:scale base reset
[00:33:43] [Server thread/INFO]: Xautral issued server command: /attribute @r minecraft:scale base reset
[00:33:43] [Server thread/INFO]: Xautral issued server command: /attribute @r minecraft:scale base reset
[00:33:43] [Async Chat Thread - #125/INFO]: [Not Secure] <ShanayX2> hola
[00:33:43] [Server thread/INFO]: Xautral issued server command: /attribute @r minecraft:scale base reset
[00:33:50] [Async Chat Thread - #125/INFO]: [Not Secure] <Xautral> gente
[00:33:53] [Async Chat Thread - #125/INFO]: [Not Secure] <Xautral> que prefieren
[00:33:58] [Async Chat Thread - #125/INFO]: [Not Secure] <Xautral> un evento de dificultad
[00:34:00] [Async Chat Thread - #125/INFO]: [Not Secure] <Xautral> de competencia
[00:34:03] [Async Chat Thread - #125/INFO]: [Not Secure] <Xautral> o de supervivencia
[00:34:07] [Async Chat Thread - #125/INFO]: [Not Secure] <Nightmare> supervivencia
[00:34:15] [Async Chat Thread - #125/INFO]: [Not Secure] <uriel3921> supervivencia
[00:34:15] [Async Chat Thread - #125/INFO]: [Not Secure] <ShanayX2> compete ncia
[00:34:24] [Async Chat Thread - #125/INFO]: [Not Secure] <Xautral> Es que hablas bien cagado wey
[00:34:30] [Async Chat Thread - #125/INFO]: [Not Secure] <ThiagoMc311> mejor tengo otra idea
[00:34:35] [Async Chat Thread - #125/INFO]: [Not Secure] <Xautral> cerrar el ortito?
[00:34:36] [Async Chat Thread - #125/INFO]: [Not Secure] <ShanayX2> GUEY NI DIJE NADA
[00:34:37] [Async Chat Thread - #125/INFO]: [Not Secure] <ThiagoMc311> operacion whoper >:)
[00:34:37] [Server thread/INFO]: ZXxAlanJosuxXZ issued server command: /tp ThiagoMc311
[00:34:37] [Server thread/INFO]: [ZXxAlanJosuxXZ: Teleported ZXxAlanJosuxXZ to [Kingdom of Crepúsculo] ThiagoMc311]
[00:34:41] [Server thread/INFO]: ZXxAlanJosuxXZ issued server command: /attribute ZXxAlanJosuxXZ minecraft:scale base set 0.1
[00:34:53] [Async Chat Thread - #125/INFO]: [Not Secure] <ShanayX2> Xautral anade al voicechat
[00:34:54] [Server thread/INFO]: Xautral issued server command: /fill ~12 ~12 ~12 ~-12 ~-12 ~-12 stone
[00:34:54] [Server thread/INFO]: [Xautral: Successfully filled 12686 block(s)]
[00:34:56] [Async Chat Thread - #125/INFO]: [Not Secure] <ThiagoMc311> ehh
[00:34:58] [Server thread/INFO]: Xautral issued server command: /tp 0 0 0
[00:34:58] [Server thread/INFO]: [Xautral: Teleported Xautral to 0.500000, 0.000000, 0.500000]
[00:35:00] [Server thread/INFO]: [Kingdom of Crepúsculo] Nightmare has made the advancement [Crafting a New Look]
[00:35:02] [Server thread/INFO]: Xautral issued server command: /tp 0 0 0
[00:35:02] [Server thread/INFO]: [Xautral: Teleported Xautral to 0.500000, 0.000000, 0.500000]
[00:35:05] [Server thread/INFO]: [Xautral: Set own game mode to Spectator Mode]
[00:35:08] [Async Chat Thread - #125/INFO]: [Not Secure] <ThiagoMc311> creo q nos tenemos que ir a mudar xdd
[00:35:09] [Server thread/INFO]: Xautral issued server command: /tp 0 0 0
[00:35:09] [Server thread/INFO]: [Xautral: Teleported Xautral to 0.500000, 0.000000, 0.500000]
[00:35:17] [Server thread/INFO]: Xautral issued server command: /fill ~5 ~5 ~5 ~-5 ~-5 ~-5 air de
[00:35:18] [Server thread/INFO]: Xautral issued server command: /fill ~5 ~5 ~5 ~-5 ~-5 ~-5 air destroy
[00:35:18] [Server thread/INFO]: [Xautral: Successfully filled 1331 block(s)]
[00:35:20] [Async Chat Thread - #125/INFO]: [Not Secure] <ShanayX2> para que le diga felicidades a los del otro equipos en la guerra obviamente
[00:35:20] [Async Chat Thread - #125/INFO]: [Not Secure] <ZXxAlanJosuxXZ> ??
[00:35:24] [Server thread/INFO]: Xautral issued server command: /fill ~5 ~5 ~5 ~-5 ~-5 ~-5 minecraft:ligh destroy
[00:35:26] [Server thread/INFO]: Xautral issued server command: /fill ~5 ~5 ~5 ~-5 ~-5 ~-5 minecraft:light destroy
[00:35:26] [Server thread/INFO]: [Xautral: Successfully filled 1331 block(s)]
[00:35:31] [Server thread/INFO]: Xautral issued server command: /tp @e[type=item]
[00:35:32] [Async Chat Thread - #125/INFO]: [Not Secure] <Nightmare> dame hierro
[00:35:37] [Async Chat Thread - #125/INFO]: [Not Secure] <ThiagoMc311> xautral
[00:35:37] [Async Chat Thread - #125/INFO]: [Not Secure] <ZXxAlanJosuxXZ> si es por la ubicacion nunca estoy en raids
[00:35:38] [Async Chat Thread - #125/INFO]: [Not Secure] <Xautral> men
[00:35:39] [Async Chat Thread - #125/INFO]: [Not Secure] <ThiagoMc311> alan
[00:35:41] [Server thread/INFO]: Xautral issued server command: /tp @e[type=item] @r
[00:35:41] [Server thread/INFO]: [Xautral: Teleported 154 entities to Xautral]
[00:35:42] [Server thread/INFO]: Xautral issued server command: /tp @e[type=item] @r
[00:35:42] [Server thread/INFO]: [Xautral: Teleported 41 entities to [Kingdom of USSR] uriel3921]
[00:35:46] [Async Chat Thread - #125/INFO]: [Not Secure] <ZXxAlanJosuxXZ> y juego cada 6 meses jajaaj
[00:35:46] [Server thread/INFO]: [Xautral: Set own game mode to Creative Mode]
[00:35:47] [User Authenticator #62/INFO]: UUID of player Elpapu_90755 is a644dd85-0004-3890-85a4-f4bc2ca43707
[00:35:49] [Server thread/INFO]: [Kingdom of USSR] Elpapu_90755 joined the game
[00:35:49] [Server thread/INFO]: Elpapu_90755[/127.196.38.60:40071] logged in with entity id 303234 at ([world]-27092.3820887567, 42.0, 25671.354476421628)
[00:35:54] [Async Chat Thread - #125/INFO]: [Not Secure] <ThiagoMc311> tu sabes como se llamaba elprolauty777? ese no es su name xd
[00:36:02] [Async Chat Thread - #125/INFO]: [Not Secure] <ZXxAlanJosuxXZ> no se
[00:36:04] [Async Chat Thread - #125/INFO]: [Not Secure] <ThiagoMc311> night tu sabes??
[00:36:06] [Async Chat Thread - #125/INFO]: [Not Secure] <Xautral> jorge nitales
[00:36:07] [Async Chat Thread - #125/INFO]: [Not Secure] <Nightmare> no
[00:36:10] [Async Chat Thread - #125/INFO]: [Not Secure] <ZXxAlanJosuxXZ> yo recien entre hoy
[00:36:15] [Async Chat Thread - #125/INFO]: [Not Secure] <Xautral> xdd
[00:36:15] [Server thread/INFO]: ZXxAlanJosuxXZ issued server command: /tp ShanayX2
[00:36:15] [Server thread/INFO]: [ZXxAlanJosuxXZ: Teleported ZXxAlanJosuxXZ to [Realm of Dxmonic Players] ShanayX2]
[00:36:16] [Async Chat Thread - #125/INFO]: [Not Secure] <Nightmare> creo q era lo mismo q su dc
[00:36:25] [Async Chat Thread - #125/INFO]: [Not Secure] <ZXxAlanJosuxXZ> shany que guapo
[00:36:26] [Server thread/INFO]: ThiagoMc311 issued server command: /msg Nightmare ya probe y no era
[00:36:27] [Async Chat Thread - #126/INFO]: [Not Secure] <Xautral> bro realmente descubrió el fuego
[00:36:36] [Async Chat Thread - #126/INFO]: [Not Secure] <ShanayX2> Xautral esq hablas bien cagado we
[00:36:36] [Server thread/INFO]: ThiagoMc311 issued server command: /msg Nightmare probare denuevo
[00:36:37] [Server thread/INFO]: Xautral issued server command: /tp ShanayX2
[00:36:37] [Server thread/INFO]: [Xautral: Teleported Xautral to [Realm of Dxmonic Players] ShanayX2]
[00:36:38] [Async Chat Thread - #125/INFO]: [Not Secure] <Nightmare> thiago
[00:36:46] [Async Chat Thread - #125/INFO]: [Not Secure] <Xautral> Es que hablas bien cagado wey
[00:36:48] [Async Chat Thread - #125/INFO]: [Not Secure] <Nightmare> dame caparazones de shulker
[00:36:49] [Async Chat Thread - #125/INFO]: [Not Secure] <ShanayX2> Xautral esq hablas bien cagado wey
[00:36:52] [Async Chat Thread - #125/INFO]: [Not Secure] <Xautral> Es que hablas bien cagado wey
[00:36:52] [Async Chat Thread - #125/INFO]: [Not Secure] <Xautral> Es que hablas bien cagado wey
[00:36:52] [Async Chat Thread - #125/INFO]: [Not Secure] <Xautral> Es que hablas bien cagado wey
[00:37:02] [Server thread/INFO]: ShanayX2 lost connection: Disconnected
[00:37:02] [Server thread/INFO]: [Realm of Dxmonic Players] ShanayX2 left the game
[00:37:04] [User Authenticator #63/INFO]: UUID of player ShanayX2 is d66cd3e6-f582-3816-97ee-20d5393d01c6
[00:37:05] [Server thread/INFO]: [Realm of Dxmonic Players] ShanayX2 joined the game
[00:37:05] [Server thread/INFO]: ShanayX2[/127.199.137.221:36713] logged in with entity id 304270 at ([world_nether]-722.0463861905179, 85.875, 864.8749486875848)
[00:37:07] [Server thread/INFO]: ThiagoMc311 lost connection: Disconnected
[00:37:07] [Server thread/INFO]: [Kingdom of Crepúsculo] ThiagoMc311 left the game
[00:37:10] [Server thread/INFO]: Xautral issued server command: /tellraw @a {"text":"<ShanayX2> es que hablo bien cagado wey"}
[00:37:16] [Async Chat Thread - #125/INFO]: [Not Secure] <ShanayX2> es minik
[00:37:16] [Async Chat Thread - #125/INFO]: [Not Secure] <ZXxAlanJosuxXZ> hola shanay
[00:37:21] [Async Chat Thread - #125/INFO]: [Not Secure] <Xautral> entonces
[00:37:23] [Async Chat Thread - #125/INFO]: [Not Secure] <Xautral> van a querer
[00:37:26] [User Authenticator #63/INFO]: UUID of player elprolauty777 is 5ce9cd0b-3f48-3c53-8838-3b469535c8ac
[00:37:28] [Async Chat Thread - #125/INFO]: [Not Secure] <Xautral> de maciza o surtida??
[00:37:29] [Server thread/INFO]: [Realm of Dxmonic Players] elprolauty777 joined the game
[00:37:29] [Server thread/INFO]: elprolauty777[/127.91.110.239:42007] logged in with entity id 304384 at ([world]-1305.699999988079, -50.0, 281.1836129685247)
[00:37:36] [Server thread/INFO]: ZXxAlanJosuxXZ issued server command: /tp elprolauty777
[00:37:36] [Server thread/INFO]: [ZXxAlanJosuxXZ: Teleported ZXxAlanJosuxXZ to [Realm of Dxmonic Players] elprolauty777]
[00:37:48] [Server thread/INFO]: elprolauty777 lost connection: Disconnected
[00:37:48] [Server thread/INFO]: [Realm of Dxmonic Players] elprolauty777 left the game
[00:37:48] [Server thread/INFO]: Xautral issued server command: /tp 0 0 0
[00:37:48] [Server thread/INFO]: [Xautral: Teleported Xautral to 0.500000, 0.000000, 0.500000]
[00:37:50] [Server thread/INFO]: Xautral issued server command: /tp Elpapu_90755
[00:37:50] [Server thread/INFO]: Xautral has completed the challenge [Subspace Bubble]
[00:37:50] [Server thread/INFO]: [Xautral: Teleported Xautral to [Kingdom of USSR] Elpapu_90755]
[00:37:56] [Server thread/INFO]: ZXxAlanJosuxXZ lost connection: Disconnected
[00:37:56] [Server thread/INFO]: ZXxAlanJosuxXZ left the game
[00:37:58] [Server thread/INFO]: Xautral issued server command: /tp 0 0 0
[00:37:58] [Server thread/INFO]: [Xautral: Teleported Xautral to 0.500000, 0.000000, 0.500000]
[00:38:06] [Async Chat Thread - #125/INFO]: [Not Secure] <Xautral> Es que hablas bien decente wey
[00:38:26] [Async Chat Thread - #125/INFO]: [Not Secure] <ShanayX2> Es que hablas bien cagado wey
[00:38:31] [Server thread/INFO]: Xautral issued server command: /execute as @r run msg @a oye we, me gustas...
[00:38:37] [Async Chat Thread - #125/INFO]: [Not Secure] <Xautral> wtf
[00:38:38] [Server thread/INFO]: Nightmare issued server command: /msg Xautral ne ni loco
[00:38:41] [Async Chat Thread - #126/INFO]: [Not Secure] <ShanayX2> XD
[00:38:44] [Server thread/INFO]: [Kingdom of USSR] Elpapu_90755 has made the advancement [Minecraft: Trial(s) Edition]
[00:38:48] [Async Chat Thread - #126/INFO]: [Not Secure] <Xautral> bro blime y sus putos eventos de mierda
[00:38:55] [Async Chat Thread - #126/INFO]: [Not Secure] <Xautral> no Nightmare
[00:38:56] [Async Chat Thread - #126/INFO]: [Not Secure] <ShanayX2> q paso
[00:38:56] [Async Chat Thread - #126/INFO]: [Not Secure] <Xautral> no me gustas
[00:39:03] [Async Chat Thread - #126/INFO]: [Not Secure] <Nightmare> ni tu a mi
[00:39:07] [Async Chat Thread - #126/INFO]: [Not Secure] <Xautral> yo te amo
[00:39:09] [Async Chat Thread - #126/INFO]: [Not Secure] <Xautral> ven acá chiquita
[00:39:11] [Server thread/INFO]: Xautral issued server command: /tp Nightmare
[00:39:11] [Server thread/INFO]: [Xautral: Teleported Xautral to [Kingdom of Crepúsculo] Nightmare]
[00:39:14] [Server thread/INFO]: Elpapu_90755 issued server command: /msg uriel3921 acabo de conseguir una trial chamber queres venir¿
[00:39:22] [Async Chat Thread - #125/INFO]: [Not Secure] <Xautral> adivina que haré con esta vara y ete piston
[00:39:26] [Async Chat Thread - #125/INFO]: [Not Secure] <Nightmare> NO
[00:39:28] [Server thread/INFO]: ShanayX2 issued server command: /XD
[00:39:29] [Async Chat Thread - #125/INFO]: [Not Secure] <ShanayX2> XD
[00:39:30] [Server thread/INFO]: uriel3921 issued server command: /tell Elpapu_90755 dale estas muy lejos?
[00:39:31] [Async Chat Thread - #126/INFO]: [Not Secure] <Nightmare> SOY HOMBRE
[00:39:35] [Async Chat Thread - #126/INFO]: [Not Secure] <ShanayX2> mejor...
[00:39:36] [Async Chat Thread - #126/INFO]: [Not Secure] <Xautral> mejor
[00:39:40] [Async Chat Thread - #126/INFO]: [Not Secure] <Nightmare> oh no hermano
[00:39:46] [Async Chat Thread - #126/INFO]: [Not Secure] <Nightmare> NO LO HAGAS
[00:39:50] [Server thread/INFO]: Xautral issued server command: /playsound minecraft:entity.slime.attack
[00:39:50] [Server thread/INFO]: [Xautral: Played sound minecraft:entity.slime.attack to Xautral]
[00:39:50] [Server thread/INFO]: Xautral issued server command: /playsound minecraft:entity.slime.attack
[00:39:50] [Server thread/INFO]: [Xautral: Played sound minecraft:entity.slime.attack to Xautral]
[00:39:50] [Server thread/INFO]: Xautral issued server command: /playsound minecraft:entity.slime.attack
[00:39:50] [Server thread/INFO]: [Xautral: Played sound minecraft:entity.slime.attack to Xautral]
[00:39:51] [Server thread/INFO]: Xautral issued server command: /playsound minecraft:entity.slime.attack
[00:39:51] [Server thread/INFO]: [Xautral: Played sound minecraft:entity.slime.attack to Xautral]
[00:39:56] [Server thread/INFO]: Elpapu_90755 issued server command: /msg uriel3921 no esta practicamente al lado de la base
[00:39:58] [Async Chat Thread - #125/INFO]: [Not Secure] <ShanayX2> A LA
[00:39:59] [Server thread/INFO]: Xautral issued server command: /playsound minecraft:entity.slime.attack ambient @a ~ ~ ~ 923234127317897923 0 1
[00:39:59] [Server thread/INFO]: [Xautral: Played sound minecraft:entity.slime.attack to 4 players]
[00:40:00] [Async Chat Thread - #125/INFO]: [Not Secure] <Xautral> oh si
[00:40:00] [Server thread/INFO]: Xautral issued server command: /playsound minecraft:entity.slime.attack ambient @a ~ ~ ~ 923234127317897923 0 1
[00:40:00] [Server thread/INFO]: [Xautral: Played sound minecraft:entity.slime.attack to 4 players]
[00:40:01] [Server thread/INFO]: Xautral issued server command: /playsound minecraft:entity.slime.attack ambient @a ~ ~ ~ 923234127317897923 0 1
[00:40:01] [Server thread/INFO]: [Xautral: Played sound minecraft:entity.slime.attack to 4 players]
[00:40:01] [Server thread/INFO]: Xautral issued server command: /playsound minecraft:entity.slime.attack ambient @a ~ ~ ~ 923234127317897923 0 1
[00:40:01] [Server thread/INFO]: [Xautral: Played sound minecraft:entity.slime.attack to 4 players]
[00:40:01] [Server thread/INFO]: Xautral issued server command: /playsound minecraft:entity.slime.attack ambient @a ~ ~ ~ 923234127317897923 0 1
[00:40:01] [Server thread/INFO]: [Xautral: Played sound minecraft:entity.slime.attack to 4 players]
[00:40:01] [Server thread/INFO]: Xautral issued server command: /playsound minecraft:entity.slime.attack ambient @a ~ ~ ~ 923234127317897923 0 1
[00:40:01] [Server thread/INFO]: [Xautral: Played sound minecraft:entity.slime.attack to 4 players]
[00:40:02] [Server thread/INFO]: Xautral issued server command: /playsound minecraft:entity.slime.attack ambient @a ~ ~ ~ 923234127317897923 0 1
[00:40:02] [Server thread/INFO]: [Xautral: Played sound minecraft:entity.slime.attack to 4 players]
[00:40:02] [Server thread/INFO]: Xautral issued server command: /playsound minecraft:entity.slime.attack ambient @a ~ ~ ~ 923234127317897923 0 1
[00:40:02] [Server thread/INFO]: [Xautral: Played sound minecraft:entity.slime.attack to 4 players]
[00:40:02] [Server thread/INFO]: Xautral issued server command: /playsound minecraft:entity.slime.attack ambient @a ~ ~ ~ 923234127317897923 0 1
[00:40:02] [Server thread/INFO]: [Xautral: Played sound minecraft:entity.slime.attack to 4 players]
[00:40:02] [Server thread/INFO]: Xautral issued server command: /playsound minecraft:entity.slime.attack ambient @a ~ ~ ~ 923234127317897923 0 1
[00:40:02] [Server thread/INFO]: [Xautral: Played sound minecraft:entity.slime.attack to 4 players]
[00:40:02] [Server thread/INFO]: Xautral issued server command: /playsound minecraft:entity.slime.attack ambient @a ~ ~ ~ 923234127317897923 0 1
[00:40:02] [Server thread/INFO]: [Xautral: Played sound minecraft:entity.slime.attack to 4 players]
[00:40:03] [Server thread/INFO]: Xautral issued server command: /playsound minecraft:entity.slime.attack ambient @a ~ ~ ~ 923234127317897923 0 1
[00:40:03] [Server thread/INFO]: [Xautral: Played sound minecraft:entity.slime.attack to 4 players]
[00:40:03] [Server thread/INFO]: Xautral issued server command: /playsound minecraft:entity.slime.attack ambient @a ~ ~ ~ 923234127317897923 0 1
[00:40:03] [Server thread/INFO]: [Xautral: Played sound minecraft:entity.slime.attack to 4 players]
[00:40:03] [Server thread/INFO]: Xautral issued server command: /playsound minecraft:entity.slime.attack ambient @a ~ ~ ~ 923234127317897923 0 1
[00:40:03] [Server thread/INFO]: [Xautral: Played sound minecraft:entity.slime.attack to 4 players]
[00:40:03] [Server thread/INFO]: Xautral issued server command: /playsound minecraft:entity.slime.attack ambient @a ~ ~ ~ 923234127317897923 0 1
[00:40:03] [Server thread/INFO]: [Xautral: Played sound minecraft:entity.slime.attack to 4 players]
[00:40:03] [Server thread/INFO]: Xautral issued server command: /playsound minecraft:entity.slime.attack ambient @a ~ ~ ~ 923234127317897923 0 1
[00:40:03] [Server thread/INFO]: [Xautral: Played sound minecraft:entity.slime.attack to 4 players]
[00:40:04] [Server thread/INFO]: Xautral issued server command: /playsound minecraft:entity.slime.attack ambient @a ~ ~ ~ 923234127317897923 0 1
[00:40:04] [Server thread/INFO]: [Xautral: Played sound minecraft:entity.slime.attack to 4 players]
[00:40:06] [Async Chat Thread - #125/INFO]: [Not Secure] <Nightmare> na paraaa
[00:40:07] [Server thread/INFO]: ShanayX2 lost connection: Disconnected
[00:40:07] [Server thread/INFO]: [Realm of Dxmonic Players] ShanayX2 left the game
[00:40:08] [Async Chat Thread - #125/INFO]: [Not Secure] <Nightmare> ese sonido
[00:40:08] [Async Chat Thread - #125/INFO]: [Not Secure] <Xautral> xd
[00:40:12] [User Authenticator #64/INFO]: UUID of player ShanayX2 is d66cd3e6-f582-3816-97ee-20d5393d01c6
[00:40:15] [Server thread/INFO]: [Realm of Dxmonic Players] ShanayX2 joined the game
[00:40:15] [Server thread/INFO]: ShanayX2[/127.199.137.221:50681] logged in with entity id 306145 at ([world_nether]-642.3322453248868, 71.0, 730.2197582256224)
[00:40:15] [Async Chat Thread - #125/INFO]: [Not Secure] <Xautral> iré a programar
[00:40:19] [Server thread/INFO]: Xautral issued server command: /tp 0 0 0
[00:40:19] [Server thread/INFO]: [Xautral: Teleported Xautral to 0.500000, 0.000000, 0.500000]
[00:40:22] [Server thread/INFO]: ShanayX2 lost connection: Disconnected
[00:40:22] [Server thread/INFO]: [Realm of Dxmonic Players] ShanayX2 left the game
[00:40:24] [Server thread/INFO]: uriel3921 issued server command: /tell Elpapu_90755 pasa cords
[00:40:28] [User Authenticator #64/INFO]: UUID of player ShanayX2 is d66cd3e6-f582-3816-97ee-20d5393d01c6
[00:40:30] [Server thread/INFO]: [Realm of Dxmonic Players] ShanayX2 joined the game
[00:40:30] [Server thread/INFO]: ShanayX2[/127.199.137.221:60501] logged in with entity id 306324 at ([world_nether]-642.3322453248868, 71.0, 730.2197582256224)
[00:40:30] [Server thread/INFO]: ShanayX2 lost connection: Disconnected
[00:40:30] [Server thread/INFO]: [Realm of Dxmonic Players] ShanayX2 left the game
[00:40:33] [User Authenticator #64/INFO]: UUID of player ShanayX2 is d66cd3e6-f582-3816-97ee-20d5393d01c6
[00:40:33] [Server thread/INFO]: [Realm of Dxmonic Players] ShanayX2 joined the game
[00:40:33] [Server thread/INFO]: ShanayX2[/127.199.137.221:54569] logged in with entity id 306351 at ([world_nether]-642.3322453248868, 71.0, 730.2197582256224)
[00:40:38] [Async Chat Thread - #126/INFO]: [Not Secure] <Xautral> pequeño bro realmente se quería unir
[00:40:40] [Async Chat Thread - #126/INFO]: [Not Secure] <ShanayX2> Es que hablas bien cagado wey
[00:40:48] [Async Chat Thread - #125/INFO]: [Not Secure] <Xautral> Es que hablas bien decente wey
[00:40:59] [Server thread/INFO]: Xautral issued server command: /tp @e[type=minecraft:shulker] Xautral
[00:40:59] [Server thread/INFO]: [Xautral: Teleported Shulker to Xautral]
[00:41:01] [Server thread/INFO]: Xautral issued server command: /tp @e[type=minecraft:shulker] Xautral
[00:41:01] [Server thread/INFO]: [Xautral: Teleported Shulker to Xautral]
[00:41:15] [Server thread/INFO]: Elpapu_90755 issued server command: /msg uriel3921 -27056 -15 25683
[00:41:34] [Async Chat Thread - #126/INFO]: [Not Secure] <Xautral> gente
[00:41:39] [Async Chat Thread - #126/INFO]: [Not Secure] <uriel3921> q
[00:41:43] [Server thread/INFO]: uriel3921 issued server command: /tell Elpapu_90755 voy
[00:41:45] [Async Chat Thread - #125/INFO]: [Not Secure] <Xautral> quien queire una armadura de diamante elytra?
[00:41:58] [Async Chat Thread - #125/INFO]: [Not Secure] <Xautral> Si?
[00:42:10] [Async Chat Thread - #125/INFO]: [Not Secure] <ShanayX2> Soy chulo papu?
[00:42:18] [Async Chat Thread - #125/INFO]: [Not Secure] <Xautral> Es que hablas bien cagado wey
[00:42:21] [Async Chat Thread - #125/INFO]: [Not Secure] <Xautral> no ya neta
[00:42:21] [Async Chat Thread - #125/INFO]: [Not Secure] <ShanayX2> Es que hablas bien cagado wey
[00:42:23] [Async Chat Thread - #125/INFO]: [Not Secure] <Xautral> que mamada fue eso
[00:42:55] [Server thread/INFO]: Xautral issued server command: /execute as 314ebbaa-2cc0-49d6-8343-00e1de05002f run tp ~10 ~ ~
[00:42:55] [Server thread/INFO]: [Armor Stand: Teleported Armor Stand to 8.812068, -2.169589, 3.327230]
[00:42:58] [Server thread/INFO]: Xautral issued server command: /execute as 314ebbaa-2cc0-49d6-8343-00e1de05002f run tp ~-10 ~ ~
[00:42:58] [Server thread/INFO]: [Armor Stand: Teleported Armor Stand to -11.187932, -2.169589, 3.327230]
[00:43:03] [Server thread/INFO]: Xautral issued server command: /execute as 314ebbaa-2cc0-49d6-8343-00e1de05002f run tp ~5 ~ ~
[00:43:03] [Server thread/INFO]: [Armor Stand: Teleported Armor Stand to 3.812068, -2.169589, 3.327230]
[00:43:07] [Server thread/INFO]: Xautral issued server command: /execute as 314ebbaa-2cc0-49d6-8343-00e1de05002f run tp ~2 ~ ~
[00:43:07] [Server thread/INFO]: [Armor Stand: Teleported Armor Stand to 2.311668, -2.169589, 5.267555]
[00:43:09] [Async Chat Thread - #125/INFO]: [Not Secure] <ShanayX2> Chulisima!
[00:43:10] [Server thread/INFO]: Xautral issued server command: /execute as 314ebbaa-2cc0-49d6-8343-00e1de05002f run tp ~-2 ~ ~
[00:43:10] [Server thread/INFO]: [Armor Stand: Teleported Armor Stand to -1.674069, -2.169589, 5.288268]
[00:43:13] [Server thread/INFO]: Xautral issued server command: /execute as 314ebbaa-2cc0-49d6-8343-00e1de05002f run tp ~-2 ~ ~
[00:43:13] [Server thread/INFO]: [Armor Stand: Teleported Armor Stand to -1.674069, -2.169589, 5.288268]
[00:43:14] [Server thread/INFO]: Xautral issued server command: /execute as 314ebbaa-2cc0-49d6-8343-00e1de05002f run tp ~-2 ~ ~
[00:43:14] [Server thread/INFO]: [Armor Stand: Teleported Armor Stand to -1.097220, -2.169589, 2.798862]
[00:43:16] [Server thread/INFO]: Xautral issued server command: /execute as 314ebbaa-2cc0-49d6-8343-00e1de05002f run tp ~-2 ~ ~
[00:43:16] [Server thread/INFO]: [Armor Stand: Teleported Armor Stand to -1.370309, -2.169589, 1.308716]
[00:43:17] [Server thread/INFO]: Xautral issued server command: /execute as 314ebbaa-2cc0-49d6-8343-00e1de05002f run tp ~-2 ~ ~
[00:43:17] [Server thread/INFO]: [Armor Stand: Teleported Armor Stand to -1.551250, -2.169589, 0.806134]
[00:43:18] [Async Chat Thread - #125/INFO]: [Not Secure] <ShanayX2> Es que hablas bien cagado wey
[00:43:20] [Server thread/INFO]: Xautral issued server command: /execute at 314ebbaa-2cc0-49d6-8343-00e1de05002f run tp ~-2 ~ ~
[00:43:20] [Server thread/INFO]: [Xautral: Teleported Xautral to -3.551250, -5.000000, 0.806134]
[00:43:33] [Server thread/INFO]: Xautral issued server command: /execute at 314ebbaa-2cc0-49d6-8343-00e1de05002f run tp @n[type=minecraft:armor_stand] ~-2 ~ ~
[00:43:33] [Server thread/INFO]: [Xautral: Teleported Armor Stand to -3.551250, -5.000000, 0.806134]
[00:43:47] [Server thread/INFO]: Xautral issued server command: /execute at @n[tag=lol] run tp @n[type=minecraft:armor_stand] ~ ~ ~
[00:43:58] [Server thread/INFO]: Xautral issued server command: /tag 55d4a1a4-aadb-4173-8465-5d18b304fc2a add lol
[00:43:58] [Server thread/INFO]: [Xautral: Added tag 'lol' to Armor Stand]
[00:44:04] [Server thread/INFO]: Xautral issued server command: /execute at @n[tag=lol] run tp @n[type=minecraft:armor_stand] ~-10 ~ ~
[00:44:04] [Server thread/INFO]: [Xautral: Teleported Armor Stand to -14.500000, -2.000000, 0.500000]
[00:44:07] [Server thread/INFO]: Xautral issued server command: /execute at @n[tag=lol] run tp @n[type=minecraft:armor_stand] ~10 ~ ~
[00:44:07] [Server thread/INFO]: [Xautral: Teleported Armor Stand to -4.500000, -9.000000, 0.500000]
[00:44:11] [Server thread/INFO]: Xautral issued server command: /execute at @n[tag=lol] run tp @n[type=minecraft:armor_stand] ~5 ~ ~
[00:44:11] [Server thread/INFO]: [Xautral: Teleported Armor Stand to 0.500000, -9.000000, 0.500000]
[00:44:12] [Async Chat Thread - #125/INFO]: [Not Secure] <ShanayX2> Xautral anade al voicechat
[00:44:14] [Server thread/INFO]: Xautral issued server command: /execute at @n[tag=lol] run tp @n[type=minecraft:armor_stand] ~-5 ~ ~
[00:44:14] [Server thread/INFO]: [Xautral: Teleported Armor Stand to -4.500000, -9.000000, 0.500000]
[00:44:27] [Server thread/INFO]: Xautral issued server command: /tp @n[tag=lol] Xautral
[00:44:27] [Server thread/INFO]: [Xautral: Teleported Armor Stand to Xautral]
[00:44:31] [Async Chat Thread - #125/INFO]: [Not Secure] <ShanayX2> senpai
[00:44:32] [Server thread/INFO]: Xautral issued server command: /execute at @n[tag=lol] run tp @n[type=minecraft:armor_stand] ~-5 ~ ~
[00:44:32] [Server thread/INFO]: [Xautral: Teleported Armor Stand to -9.232170, -2.000000, 0.768296]
[00:44:36] [Server thread/INFO]: Xautral issued server command: /execute at @n[tag=lol] run tp @n[type=minecraft:armor_stand] ~5 ~ ~
[00:44:36] [Server thread/INFO]: [Xautral: Teleported Armor Stand to -4.232170, -2.000000, 0.768296]
[00:44:41] [Server thread/INFO]: Xautral issued server command: /execute at @n[tag=lol] run tp @n[type=minecraft:armor_stand] ~7 ~ ~
[00:44:41] [Server thread/INFO]: [Xautral: Teleported Armor Stand to 2.767830, -2.000000, 0.768296]
[00:44:44] [Server thread/INFO]: Xautral issued server command: /execute at @n[tag=lol] run tp @n[type=minecraft:armor_stand] ~8 ~ ~
[00:44:44] [Server thread/INFO]: [Xautral: Teleported Armor Stand to 10.767830, -5.000000, 0.768296]
[00:44:47] [Server thread/INFO]: Xautral issued server command: /execute at @n[tag=lol] run tp @n[type=minecraft:armor_stand] ~-8 ~ ~
[00:44:47] [Server thread/INFO]: [Xautral: Teleported Armor Stand to 2.767830, -5.000000, 0.768296]
[00:44:59] [Server thread/INFO]: Xautral issued server command: /tp @n[tag=lol] Xautral
[00:44:59] [Server thread/INFO]: [Xautral: Teleported Armor Stand to Xautral]
[00:45:02] [Server thread/INFO]: Xautral issued server command: /execute at @n[tag=lol] run tp @n[type=minecraft:armor_stand] ~-8 ~ ~
[00:45:02] [Server thread/INFO]: [Xautral: Teleported Armor Stand to -12.700000, -2.000000, 0.344759]
[00:45:05] [Server thread/INFO]: Xautral issued server command: /execute at @n[tag=lol] run tp @n[type=minecraft:armor_stand] ~8 ~ ~
[00:45:05] [Server thread/INFO]: [Xautral: Teleported Armor Stand to -4.700000, -9.000000, 0.344759]
[00:45:10] [Server thread/INFO]: Xautral issued server command: /tp @n[tag=lol] Xautral
[00:45:10] [Server thread/INFO]: [Xautral: Teleported Armor Stand to Xautral]
[00:45:13] [Server thread/INFO]: Xautral issued server command: /execute at @n[tag=lol] run tp @n[type=minecraft:armor_stand] ~-5 ~ ~
[00:45:13] [Server thread/INFO]: [Xautral: Teleported Armor Stand to -9.700000, -2.000000, 0.417464]
[00:45:18] [Server thread/INFO]: Xautral issued server command: /tp @n[tag=lol] Xautral
[00:45:18] [Server thread/INFO]: [Xautral: Teleported Armor Stand to Xautral]
[00:45:21] [Server thread/INFO]: Xautral issued server command: /execute at @n[tag=lol] run tp @n[type=minecraft:armor_stand] ~5 ~ ~
[00:45:21] [Server thread/INFO]: [Xautral: Teleported Armor Stand to 0.300000, -2.000000, 0.479419]
[00:45:25] [Server thread/INFO]: Xautral issued server command: /tp @n[tag=lol] Xautral
[00:45:25] [Server thread/INFO]: [Xautral: Teleported Armor Stand to Xautral]
[00:45:29] [Server thread/INFO]: Xautral issued server command: /execute at @n[tag=lol] run tp @n[type=minecraft:armor_stand] ~10 ~ ~
[00:45:29] [Server thread/INFO]: [Xautral: Teleported Armor Stand to 5.382031, -2.000000, 0.770214]
[00:45:37] [Server thread/INFO]: uriel3921 issued server command: /msg Elpapu_90755 che tengo 15 minutos porque me mandaron a hacer algo te ayudo lo mas que puedo y me voy
[00:45:45] [Server thread/INFO]: Xautral issued server command: /tp @n[tag=lol] Xautral
[00:45:45] [Server thread/INFO]: [Xautral: Teleported Armor Stand to Xautral]
[00:45:52] [Server thread/INFO]: Xautral issued server command: /tp @n[tag=lol] Xautral
[00:45:52] [Server thread/INFO]: [Xautral: Teleported Armor Stand to Xautral]
[00:45:56] [Server thread/INFO]: Elpapu_90755 issued server command: /msg uriel3921 OK
[00:46:01] [Server thread/INFO]: [Kingdom of USSR] uriel3921 has made the advancement [Minecraft: Trial(s) Edition]
[00:46:42] [Server thread/INFO]: Xautral issued server command: /tag a037af00-be04-4511-a4dd-5f2e992c0263 add lol
[00:46:42] [Server thread/INFO]: [Xautral: Added tag 'lol' to Armor Stand]
[00:47:18] [Server thread/INFO]: Xautral issued server command: /execute at @e[tag=lol] run tp ~1 ~ ~
[00:47:18] [Server thread/INFO]: [Xautral: Teleported Xautral to 6.500000, -2.000000, 0.500000]
[00:48:18] [Server thread/INFO]: uriel3921 issued server command: /msg Elpapu_90755 dos llaves
[00:48:26] [Server thread/INFO]: [Kingdom of USSR] uriel3921 has made the advancement [Under Lock and Key]
[00:48:33] [Server thread/INFO]: Xautral issued server command: /tag @e[type=minecraft:armor_stand,distance=..5] add lol
[00:48:33] [Server thread/INFO]: [Xautral: Added tag 'lol' to 4 entities]
[00:48:35] [Server thread/INFO]: Xautral issued server command: /tag @e[type=minecraft:armor_stand,distance=..5] add lol
[00:48:35] [Server thread/INFO]: [Xautral: Added tag 'lol' to 2 entities]
[00:48:53] [Server thread/INFO]: Xautral issued server command: /execute at @e[tag=lol] run tp ~1 ~ ~
[00:48:53] [Server thread/INFO]: [Xautral: Teleported Xautral to -1.900000, -2.000000, 0.500000]
[00:48:53] [Server thread/INFO]: [Xautral: Teleported Xautral to -0.900000, -2.000000, 0.500000]
[00:48:53] [Server thread/INFO]: [Xautral: Teleported Xautral to 0.200000, -2.000000, 0.500000]
[00:48:57] [Server thread/INFO]: Xautral issued server command: /tag @e[type=minecraft:armor_stand,distance=..5] add lol
[00:48:57] [Server thread/INFO]: [Xautral: Added tag 'lol' to 20 entities]
[00:49:34] [Server thread/INFO]: Nightmare lost connection: Disconnected
[00:49:34] [Server thread/INFO]: [Kingdom of Crepúsculo] Nightmare left the game
[00:50:30] [Server thread/INFO]: [Kingdom of USSR] uriel3921 has made the advancement [Suit Up]
[00:51:51] [Server thread/INFO]: [Xautral: Set own game mode to Survival Mode]
[00:52:03] [Server thread/INFO]: [Xautral: Set own game mode to Creative Mode]
[00:52:03] [Server thread/INFO]: ShanayX2 lost connection: Disconnected
[00:52:03] [Server thread/INFO]: [Realm of Dxmonic Players] ShanayX2 left the game
[00:52:06] [User Authenticator #65/INFO]: UUID of player ShanayX2 is d66cd3e6-f582-3816-97ee-20d5393d01c6
[00:52:07] [Server thread/INFO]: [Realm of Dxmonic Players] ShanayX2 joined the game
[00:52:07] [Server thread/INFO]: ShanayX2[/127.199.137.221:45237] logged in with entity id 313220 at ([world_nether]-446.7043010900309, 58.0, 315.4274764215706)
[00:52:19] [Server thread/INFO]: Xautral issued server command: /tag 9c3b7270-1d58-4fda-8187-aef4474705d0 add lol
[00:52:19] [Server thread/INFO]: [Xautral: Added tag 'lol' to Armor Stand]
[00:53:35] [Server thread/INFO]: Elpapu_90755 issued server command: /msg uriel3921 ya me tengo que ir mi cel se va apgar tl vez mas tarde entre
[00:53:48] [Server thread/INFO]: uriel3921 issued server command: /tell Elpapu_90755 dale yo tambien me voy chau
[00:53:49] [Server thread/INFO]: Elpapu_90755 lost connection: Disconnected
[00:53:49] [Server thread/INFO]: [Kingdom of USSR] Elpapu_90755 left the game
[00:54:01] [Server thread/INFO]: uriel3921 lost connection: Disconnected
[00:54:01] [Server thread/INFO]: [Kingdom of USSR] uriel3921 left the game
[00:54:47] [Server thread/INFO]: Xautral issued server command: /tps
[00:54:59] [Server thread/INFO]: Xautral issued server command: /tag 38caf5ac-6aaa-4e6d-8ae9-8a245a28cd53 add lol
[00:54:59] [Server thread/INFO]: [Xautral: Added tag 'lol' to Armor Stand]
[00:55:27] [User Authenticator #66/INFO]: UUID of player ThiagoMc311 is d1697a40-230a-38f1-8314-a0bbe3a22fcc
[00:55:30] [Server thread/INFO]: [Kingdom of Crepúsculo] ThiagoMc311 joined the game
[00:55:30] [Server thread/INFO]: ThiagoMc311[/127.91.110.239:46959] logged in with entity id 314311 at ([world]-755.1883226443634, 65.0, 1728.699999988079)
[00:56:01] [Server thread/INFO]: ThiagoMc311 lost connection: Disconnected
[00:56:01] [Server thread/INFO]: [Kingdom of Crepúsculo] ThiagoMc311 left the game
[00:56:09] [User Authenticator #66/INFO]: UUID of player elprolauty777 is 5ce9cd0b-3f48-3c53-8838-3b469535c8ac
[00:56:09] [Server thread/INFO]: com.mojang.authlib.GameProfile@5ebf7d64[id=5ce9cd0b-3f48-3c53-8838-3b469535c8ac,name=elprolauty777,properties={textures=[Property[name=textures, value=ewogICJ0aW1lc3RhbXAiIDogMTc2MjM5NjY4MTI2NCwKICAicHJvZmlsZUlkIiA6ICI3MjBhMTAxMDMyZjY0MTBlODRlNDc1NjgyOTkzNzZlOSIsCiAgInByb2ZpbGVOYW1lIiA6ICJNYXJjWloiLAogICJzaWduYXR1cmVSZXF1aXJlZCIgOiB0cnVlLAogICJ0ZXh0dXJlcyIgOiB7CiAgICAiU0tJTiIgOiB7CiAgICAgICJ1cmwiIDogImh0dHA6Ly90ZXh0dXJlcy5taW5lY3JhZnQubmV0L3RleHR1cmUvM2JmMDkwNzNjNzdmNmVhN2ZjM2M5ZTNmZjY5YmYyZWE3NGEzNzY0YzM1ZjU5NDk1ZTM5NDFkNWUxYjIxZjhiIgogICAgfSwKICAgICJDQVBFIiA6IHsKICAgICAgInVybCIgOiAiaHR0cDovL3RleHR1cmVzLm1pbmVjcmFmdC5uZXQvdGV4dHVyZS81ZTZmMzE5M2U3NGNkMTZjZGQ2NjM3ZDliYWU1NDg0ZTNhMzdmZjJhMTRjMmQxNTdjNjU5YTA3ODEwYjFiZGNhIgogICAgfQogIH0KfQ==, signature=JjcOQHQexinyRB1MQmu4toALbEu+i7buGlA/jO/BR91qLIUp4EnP6dmLWqJ7Uh9Pw47UTfVt6Dz2enmLdm7hOrY6xVCMf9d80v/0pQsXYKcF3eeEHgWlk14UEQomfAn6nnYKmSHDh0UYtqVKbePC1cPtvHo2yMFoL4T5MgiEhTvh5geEYxSlTBCJhm4ooQeBZpP5Vl6uQk0X38PiGHqsZq9dVx1P6X6mrDNbl+IhE81Sn1Q3fARbBLGgfiovnkCBcHUJB0w635y4aeuesyEzHPjL3YoDvMAvZwJ8pvT2iOpwUTG1hXZn/zps8563WkUsL3WU94KEQPyPLe9qEqQ87q+/szaNFPFovP2CZFr+pweFf+3MN57rLelBO9XubdYHNslA4fNzN2op+lx55kCyFBKWf13wNbB9MGJpkk2V9Z3bKi/ExDY31qVwxMUkLTwEugHMXpefRTe52Oc94lFnWpGEDsRcVT8v3BS/dshz3vj7m/5s/KA6vOUn4t9iCadXJobEMXxSDtMPbBSSXqUm0WalrqArnEN/dMNcB5Uu/4+q1/GCVanhl5FDoY5r55G7V36asTjVJx8xw+Y/SZ2POYfRqCsyzJ/Ge16KO5qbnHlvFs/fWiHLVfJaveTNnyyJKd0BhIoigkMYGP8ru6vcjsqTOB/EhO3esh2H+X55GBI=]]}] lost connection: Disconnected
[00:56:10] [User Authenticator #66/INFO]: UUID of player elprolauty777 is 5ce9cd0b-3f48-3c53-8838-3b469535c8ac
[00:56:12] [Server thread/INFO]: [Realm of Dxmonic Players] elprolauty777 joined the game
[00:56:12] [Server thread/INFO]: elprolauty777[/127.91.110.239:45733] logged in with entity id 314903 at ([world]-1305.699999988079, -50.0, 281.1836129685247)
[00:56:36] [Server thread/INFO]: elprolauty777 lost connection: Disconnected
[00:56:36] [Server thread/INFO]: [Realm of Dxmonic Players] elprolauty777 left the game
[00:56:47] [User Authenticator #66/INFO]: UUID of player uriel3921 is 321ef539-5cdf-356c-91a2-b949978db436
[00:56:49] [Server thread/INFO]: [Kingdom of USSR] uriel3921 joined the game
[00:56:49] [Server thread/INFO]: uriel3921[/127.91.110.239:59583] logged in with entity id 315416 at ([world]-27006.52600712505, -27.0, 25691.97403709343)
[00:57:21] [Server thread/INFO]: uriel3921 lost connection: Disconnected
[00:57:21] [Server thread/INFO]: [Kingdom of USSR] uriel3921 left the game
[00:58:22] [Async Chat Thread - #133/INFO]: [Not Secure] <Xautral> cuanto le das a este temazo?
[00:58:23] [Server thread/INFO]: Xautral issued server command: /tp ShanayX2
[00:58:23] [Server thread/INFO]: [Xautral: Teleported Xautral to [Realm of Dxmonic Players] ShanayX2]
[00:58:29] [Server thread/INFO]: Xautral issued server command: /tp ShanayX2 ~ ~50 ~
[00:58:29] [Server thread/INFO]: [Xautral: Teleported [Realm of Dxmonic Players] ShanayX2 to -408.336927, 78.200000, 56.774485]
[00:58:32] [Server thread/INFO]: Xautral issued server command: /tp ShanayX2
[00:58:32] [Server thread/INFO]: [Xautral: Teleported Xautral to [Realm of Dxmonic Players] ShanayX2]
[00:58:40] [Server thread/INFO]: Xautral issued server command: /setblock ~ ~ ~ water
[00:58:40] [Server thread/INFO]: [Xautral: Changed the block at -408, 64, 60]
[00:58:47] [Server thread/INFO]: Xautral issued server command: /kill
[00:58:47] [Server thread/INFO]: Xautral was killed
[00:58:47] [Server thread/INFO]: [Xautral: Killed Xautral]
[00:58:52] [Async Chat Thread - #133/INFO]: [Not Secure] <ShanayX2> 10
[00:59:01] [Async Chat Thread - #133/INFO]: [Not Secure] <Xautral> no pero mira
[00:59:04] [Async Chat Thread - #133/INFO]: [Not Secure] <Xautral> ve al overworld
[00:59:05] [Server thread/INFO]: Xautral issued server command: /tp ShanayX2
[00:59:05] [Server thread/INFO]: [Xautral: Teleported Xautral to [Realm of Dxmonic Players] ShanayX2]
[00:59:11] [Async Chat Thread - #133/INFO]: [Not Secure] <ShanayX2> o
[00:59:13] [Server thread/INFO]: Xautral has completed the challenge [Return to Sender]
[00:59:14] [Server thread/INFO]: ShanayX2 lost connection: Disconnected
[00:59:14] [Server thread/INFO]: [Realm of Dxmonic Players] ShanayX2 left the game
[00:59:17] [User Authenticator #67/INFO]: UUID of player ShanayX2 is d66cd3e6-f582-3816-97ee-20d5393d01c6
[00:59:18] [Server thread/INFO]: [Realm of Dxmonic Players] ShanayX2 joined the game
[00:59:18] [Server thread/INFO]: ShanayX2[/127.199.137.221:55373] logged in with entity id 316133 at ([world_nether]-403.69999998807907, 67.0, 59.75033269554391)
[00:59:19] [Server thread/INFO]: Xautral issued server command: /kill
[00:59:19] [Server thread/INFO]: Xautral was killed
[00:59:19] [Server thread/INFO]: [Xautral: Killed Xautral]
[00:59:38] [Server thread/INFO]: Xautral issued server command: /tp 0 0 0
[00:59:38] [Server thread/INFO]: [Xautral: Teleported Xautral to 0.500000, 0.000000, 0.500000]
[01:03:40] [Server thread/INFO]: Xautral issued server command: /tag 16a65fcf-b1aa-467c-87cb-783b3823c514 add drum
[01:03:40] [Server thread/INFO]: [Xautral: Added tag 'drum' to Armor Stand]
[01:04:42] [Server thread/INFO]: Xautral issued server command: /tag @n[type=minecraft:armor_stand add drum
[01:04:45] [Server thread/INFO]: Xautral issued server command: /tag @n[type=minecraft:armor_stand] add drum
[01:04:45] [Server thread/INFO]: [Xautral: Added tag 'drum' to Armor Stand]
[01:04:49] [User Authenticator #68/INFO]: UUID of player Not_Unfsiae is 10e07846-5855-337b-8e82-8e8923e7f660
[01:04:49] [Server thread/INFO]: com.mojang.authlib.GameProfile@1e281523[id=10e07846-5855-337b-8e82-8e8923e7f660,name=Not_Unfsiae,properties={}] lost connection: Disconnected
[01:04:50] [Server thread/INFO]: Xautral issued server command: /tag @n[type=minecraft:armor_stand] add drum
[01:04:50] [Server thread/INFO]: [Xautral: Added tag 'drum' to Armor Stand]
[01:04:52] [User Authenticator #68/INFO]: UUID of player Not_Unfsiae is 10e07846-5855-337b-8e82-8e8923e7f660
[01:04:53] [Server thread/INFO]: [Realm of Souls] Not_Unfsiae joined the game
[01:04:53] [Server thread/INFO]: Not_Unfsiae[/127.213.145.47:60259] logged in with entity id 317689 at ([world_the_end]-1746.699999988079, 57.0, -2710.699999988079)
[01:05:33] [Async Chat Thread - #135/INFO]: [Not Secure] <Not_Unfsiae> algo interesante mientras me ausente?
[01:05:35] [Server thread/INFO]: Xautral issued server command: /tag @n[type=minecraft:armor_stand] add drum
[01:05:35] [Server thread/INFO]: [Xautral: Added tag 'drum' to Armor Stand]
[01:05:37] [User Authenticator #68/INFO]: UUID of player Nightmare is 09ef5db0-4c0c-3a2b-bb37-5a09130500c7
[01:05:39] [Server thread/INFO]: [Kingdom of Crepúsculo] Nightmare joined the game
[01:05:39] [Server thread/INFO]: Nightmare[/127.120.155.234:52779] logged in with entity id 318002 at ([world]-752.4421379332133, 65.5625, 1736.300000011921)
[01:05:43] [Async Chat Thread - #135/INFO]: [Not Secure] <Xautral> esty haciendo un compositor de musica
[01:06:07] [Async Chat Thread - #136/INFO]: [Not Secure] <Not_Unfsiae> bueno ya me retiro de nuevo
[01:06:08] [Server thread/INFO]: Not_Unfsiae lost connection: Disconnected
[01:06:08] [Server thread/INFO]: [Realm of Souls] Not_Unfsiae left the game
[01:06:10] [Server thread/INFO]: Xautral issued server command: /tag @n[type=minecraft:armor_stand] add drum
[01:06:10] [Server thread/INFO]: [Xautral: Added tag 'drum' to Armor Stand]
[01:06:19] [Server thread/INFO]: ShanayX2 lost connection: Disconnected
[01:06:19] [Server thread/INFO]: [Realm of Dxmonic Players] ShanayX2 left the game
[01:06:22] [User Authenticator #68/INFO]: UUID of player ShanayX2 is d66cd3e6-f582-3816-97ee-20d5393d01c6
[01:06:28] [Server thread/INFO]: [Realm of Dxmonic Players] ShanayX2 joined the game
[01:06:28] [Server thread/INFO]: ShanayX2[/127.199.137.221:35795] logged in with entity id 318583 at ([world]905.3000000119209, -34.0, 1139.699999988079)
[01:06:39] [Server thread/INFO]: ShanayX2 lost connection: Disconnected
[01:06:39] [Server thread/INFO]: [Realm of Dxmonic Players] ShanayX2 left the game
[01:06:41] [User Authenticator #68/INFO]: UUID of player ShanayX2 is d66cd3e6-f582-3816-97ee-20d5393d01c6
[01:06:42] [Server thread/INFO]: [Realm of Dxmonic Players] ShanayX2 joined the game
[01:06:42] [Server thread/INFO]: ShanayX2[/127.199.137.221:57141] logged in with entity id 318734 at ([world]906.5326621345821, -35.0, 1137.300000011921)
[01:06:50] [Server thread/INFO]: Xautral issued server command: /tag @n[type=minecraft:armor_stand] add drum
[01:06:50] [Server thread/INFO]: [Xautral: Added tag 'drum' to Armor Stand]
[01:08:05] [Server thread/INFO]: Xautral issued server command: /setblock -6 -3 -6 minecraft:redstone_block
[01:08:05] [Server thread/INFO]: [Xautral: Changed the block at -6, -3, -6]
[01:08:45] [Server thread/INFO]: Xautral issued server command: /playsound minecraft:block.note_block.snare
[01:08:45] [Server thread/INFO]: [Xautral: Played sound minecraft:block.note_block.snare to Xautral]
[01:08:47] [Server thread/INFO]: Xautral issued server command: /playsound minecraft:block.note_block.snare
[01:08:47] [Server thread/INFO]: [Xautral: Played sound minecraft:block.note_block.snare to Xautral]
[01:08:47] [Server thread/INFO]: Xautral issued server command: /playsound minecraft:block.note_block.snare
[01:08:47] [Server thread/INFO]: [Xautral: Played sound minecraft:block.note_block.snare to Xautral]
[01:08:48] [Server thread/INFO]: Xautral issued server command: /playsound minecraft:block.note_block.snare
[01:08:48] [Server thread/INFO]: [Xautral: Played sound minecraft:block.note_block.snare to Xautral]
[01:09:06] [Server thread/INFO]: Xautral issued server command: /playsound minecraft:block.note_block.chime
[01:09:06] [Server thread/INFO]: [Xautral: Played sound minecraft:block.note_block.chime to Xautral]
[01:10:01] [Server thread/INFO]: Xautral issued server command: /setblock 4 -1 -6 sand
[01:10:01] [Server thread/INFO]: [Xautral: Changed the block at 4, -1, -6]
[01:10:11] [Server thread/INFO]: Xautral issued server command: /setblock 4 -1 -6 soul_sand
[01:10:11] [Server thread/INFO]: [Xautral: Changed the block at 4, -1, -6]
[01:10:36] [Server thread/INFO]: Xautral issued server command: /setblock -7 0 -6 minecraft:redstone_block
[01:10:36] [Server thread/INFO]: [Xautral: Changed the block at -7, 0, -6]
[01:11:43] [Server thread/INFO]: ShanayX2 lost connection: Disconnected
[01:11:43] [Server thread/INFO]: [Realm of Dxmonic Players] ShanayX2 left the game
[01:11:45] [User Authenticator #69/INFO]: UUID of player ShanayX2 is d66cd3e6-f582-3816-97ee-20d5393d01c6
[01:11:45] [Server thread/INFO]: [Realm of Dxmonic Players] ShanayX2 joined the game
[01:11:45] [Server thread/INFO]: ShanayX2[/127.199.137.221:43761] logged in with entity id 320413 at ([world]1027.7711891938054, 75.0, 1146.9714157807061)
[01:11:47] [User Authenticator #69/INFO]: UUID of player ThiagoMc311 is d1697a40-230a-38f1-8314-a0bbe3a22fcc
[01:11:53] [Server thread/INFO]: [Kingdom of Crepúsculo] ThiagoMc311 joined the game
[01:11:53] [Server thread/INFO]: ThiagoMc311[/127.91.110.239:33597] logged in with entity id 320506 at ([world]-764.6600846646677, 66.0, 1709.880299300362)
[01:12:33] [Server thread/INFO]: [Xautral: Set own game mode to Spectator Mode]
[01:12:34] [Async Chat Thread - #137/INFO]: [Not Secure] <ThiagoMc311> vamos
[01:12:36] [Server thread/INFO]: [Xautral: Set own game mode to Creative Mode]
[01:12:41] [Async Chat Thread - #137/INFO]: [Not Secure] <ThiagoMc311> mas cofres pls
[01:12:51] [Async Chat Thread - #137/INFO]: [Not Secure] <Nightmare> escudo
[01:13:01] [Server thread/INFO]: [Kingdom of Crepúsculo] ThiagoMc311 has made the advancement [Isn't It Iron Pick]
[01:13:01] [Async Chat Thread - #137/INFO]: [Not Secure] <Nightmare> vamos a la mina por hierro
[01:13:05] [Async Chat Thread - #137/INFO]: [Not Secure] <ThiagoMc311> vale
[01:13:08] [Server thread/INFO]: [Xautral: Set own game mode to Spectator Mode]
[01:13:12] [Server thread/INFO]: [Xautral: Set own game mode to Creative Mode]
[01:13:18] [Async Chat Thread - #137/INFO]: [Not Secure] <ThiagoMc311> fortuna tenes?
[01:13:22] [Async Chat Thread - #137/INFO]: [Not Secure] <Nightmare> si
[01:13:27] [Async Chat Thread - #137/INFO]: [Not Secure] <ThiagoMc311> espera
[01:13:29] [Async Chat Thread - #137/INFO]: [Not Secure] <Nightmare> q
[01:13:30] [Server thread/INFO]: Xautral issued server command: /tag @n[type=minecraft:armor_stand] add melody1
[01:13:30] [Server thread/INFO]: [Xautral: Added tag 'melody1' to Armor Stand]
[01:13:57] [Async Chat Thread - #137/INFO]: [Not Secure] <ThiagoMc311> XD
[01:14:00] [Server thread/INFO]: Xautral issued server command: /fill -7 -5 -6
[01:14:08] [Server thread/INFO]: Xautral issued server command: /fill -7 -5 -6 -7 2 -6 minecraft:redstone_block
[01:14:08] [Server thread/INFO]: [Xautral: Successfully filled 8 block(s)]
[01:14:09] [Server thread/INFO]: [Xautral: Set own game mode to Spectator Mode]
[01:14:12] [Server thread/INFO]: [Xautral: Set own game mode to Creative Mode]
[01:14:14] [Server thread/INFO]: Xautral issued server command: /fill -7 -5 -6 -7 2 -6 minecraft:air
[01:14:14] [Server thread/INFO]: [Xautral: Successfully filled 6 block(s)]
[01:14:17] [Async Chat Thread - #137/INFO]: [Not Secure] <ThiagoMc311> hey
[01:14:19] [Async Chat Thread - #137/INFO]: [Not Secure] <Nightmare> q
[01:14:20] [Async Chat Thread - #137/INFO]: [Not Secure] <ThiagoMc311> oro pa la nethe
[01:14:23] [Server thread/INFO]: Xautral issued server command: /fill -7 -5 -6 -7 2 -6 minecraft:air
[01:14:25] [Server thread/INFO]: Xautral issued server command: /fill -7 -5 -6 -7 2 -6 minecraft:redstone_block
[01:14:25] [Server thread/INFO]: [Xautral: Successfully filled 8 block(s)]
[01:14:27] [Async Chat Thread - #137/INFO]: [Not Secure] <Nightmare> si pero ahora no
[01:14:30] [Async Chat Thread - #137/INFO]: [Not Secure] <ThiagoMc311> ok
[01:14:31] [Server thread/INFO]: [Realm of Dxmonic Players] ShanayX2 has completed the challenge [Cover Me in Debris]
[01:14:35] [Async Chat Thread - #137/INFO]: [Not Secure] <ThiagoMc311> uh
[01:14:40] [Server thread/INFO]: Xautral issued server command: /fill -7 -5 -6 -7 2 -6 minecraft:air
[01:14:40] [Server thread/INFO]: [Xautral: Successfully filled 6 block(s)]
[01:14:43] [Async Chat Thread - #137/INFO]: [Not Secure] <ShanayX2> hoa
[01:14:47] [Async Chat Thread - #137/INFO]: [Not Secure] <ThiagoMc311> felicidades
[01:14:48] [Server thread/INFO]: Xautral issued server command: /fill -7 -5 -6 -7 2 -6 minecraft:redstone_block
[01:14:48] [Server thread/INFO]: [Xautral: Successfully filled 8 block(s)]
[01:14:52] [Async Chat Thread - #137/INFO]: [Not Secure] <ThiagoMc311> 3ero full neth XD
[01:14:56] [Async Chat Thread - #137/INFO]: [Not Secure] <Nightmare> fua solo 4 full netherite
[01:15:04] [Async Chat Thread - #137/INFO]: [Not Secure] <ThiagoMc311> el admin no cuenta
[01:15:06] [Server thread/INFO]: Xautral issued server command: /fill -7 -5 -6 -7 2 -6 minecraft:air
[01:15:06] [Server thread/INFO]: [Xautral: Successfully filled 6 block(s)]
[01:15:11] [Server thread/INFO]: [Xautral: Set own game mode to Spectator Mode]
[01:15:14] [Async Chat Thread - #137/INFO]: [Not Secure] <ShanayX2> pero pienso que soy el primero en tener kit mazo
[01:15:14] [Server thread/INFO]: [Xautral: Set own game mode to Creative Mode]
[01:15:19] [Server thread/INFO]: Xautral issued server command: /fill -8 2 -6
[01:15:20] [Server thread/INFO]: [Xautral: Set own game mode to Spectator Mode]
[01:15:24] [Async Chat Thread - #137/INFO]: [Not Secure] <ThiagoMc311> y nosotros crystal :/
[01:15:25] [Async Chat Thread - #137/INFO]: [Not Secure] <Nightmare> puede ser
[01:15:31] [Server thread/INFO]: Xautral issued server command: /fill -8 2 -6 ~ ~ ~ stone
[01:15:31] [Server thread/INFO]: [Xautral: Successfully filled 141 block(s)]
[01:15:33] [Async Chat Thread - #137/INFO]: [Not Secure] <ThiagoMc311> hey
[01:15:33] [Server thread/INFO]: [Xautral: Set own game mode to Creative Mode]
[01:15:41] [Async Chat Thread - #137/INFO]: [Not Secure] <Nightmare> q
[01:15:43] [Async Chat Thread - #137/INFO]: [Not Secure] <ThiagoMc311> no me gustaria ser tu enemigo xd
[01:15:52] [Async Chat Thread - #137/INFO]: [Not Secure] <ShanayX2> soy buena onda
[01:15:55] [Async Chat Thread - #137/INFO]: [Not Secure] <ThiagoMc311> aa oka
[01:16:00] [Server thread/INFO]: Xautral issued server command: /tellraw @a {"text":"<ThiagoMc311> mejor seamos novios"}
[01:16:05] [Async Chat Thread - #138/INFO]: [Not Secure] <ThiagoMc311> how??
[01:16:06] [Async Chat Thread - #138/INFO]: [Not Secure] <Nightmare> qie
[01:16:07] [Async Chat Thread - #138/INFO]: [Not Secure] <ThiagoMc311> y eso??
[01:16:11] [Async Chat Thread - #138/INFO]: [Not Secure] <ThiagoMc311> quien vrg lo edito??
[01:16:16] [Async Chat Thread - #138/INFO]: [Not Secure] <Xautral> okey egnte
[01:16:22] [Async Chat Thread - #138/INFO]: [Not Secure] <Xautral> aporten ideas para el evento
[01:16:27] [Async Chat Thread - #138/INFO]: [Not Secure] <Xautral> me cansé de pensar
[01:16:30] [Async Chat Thread - #138/INFO]: [Not Secure] <Xautral> no suelo hacerlo seguido
[01:16:32] [Async Chat Thread - #138/INFO]: [Not Secure] <ThiagoMc311> hagan que caigan totems del cielo
[01:16:35] [Async Chat Thread - #138/INFO]: [Not Secure] <Nightmare> que nos hagan full netherite
[01:16:38] [Async Chat Thread - #138/INFO]: [Not Secure] <Nightmare> jeje
[01:16:42] [Async Chat Thread - #138/INFO]: [Not Secure] <Xautral> por chistosito
[01:16:44] [Async Chat Thread - #138/INFO]: [Not Secure] <Xautral> te quedas sin un cora
[01:16:47] [Async Chat Thread - #138/INFO]: [Not Secure] <Nightmare> no
[01:16:50] [Async Chat Thread - #138/INFO]: [Not Secure] <Xautral> okey
[01:16:50] [Async Chat Thread - #138/INFO]: [Not Secure] <Nightmare> no lo hagas
[01:16:55] [Async Chat Thread - #137/INFO]: [Not Secure] <Xautral> me estas ordenando?
[01:16:58] [Async Chat Thread - #137/INFO]: [Not Secure] <Nightmare> no
[01:17:02] [Async Chat Thread - #138/INFO]: [Not Secure] <Xautral> entonces
[01:17:07] [Async Chat Thread - #138/INFO]: [Not Secure] <ThiagoMc311> te estar ordeñando Xautral
[01:17:07] [Async Chat Thread - #138/INFO]: [Not Secure] <Nightmare> q
[01:17:12] [Async Chat Thread - #138/INFO]: [Not Secure] <Nightmare> eso q ThiagoMc311
[01:17:17] [Async Chat Thread - #138/INFO]: [Not Secure] <Xautral> no mames ThiagoMc311
[01:17:19] [Async Chat Thread - #138/INFO]: [Not Secure] <ThiagoMc311> ordenando xd
[01:17:24] [Async Chat Thread - #138/INFO]: [Not Secure] <ThiagoMc311> edita eso
[01:17:29] [Async Chat Thread - #138/INFO]: [Not Secure] <Xautral> no se puede wey
[01:17:32] [Async Chat Thread - #138/INFO]: [Not Secure] <Xautral> es imposible
[01:17:38] [Async Chat Thread - #138/INFO]: [Not Secure] <ThiagoMc311> y ese mensaje se me edito antes >:V
[01:17:43] [Server thread/INFO]: Xautral issued server command: /minecraft
[01:17:47] [Async Chat Thread - #138/INFO]: [Not Secure] <Xautral> ehh si ThiagoMc311 lo que digas
[01:17:50] [Async Chat Thread - #138/INFO]: [Not Secure] <Xautral> esta loquito
[01:17:55] [Async Chat Thread - #138/INFO]: [Not Secure] <ThiagoMc311> eso se edito >:V
[01:17:58] [Server thread/INFO]: Xautral issued server command: /minecraft:dialog
[01:18:01] [Server thread/INFO]: Xautral issued server command: /minecraft:dialog show
[01:18:02] [Async Chat Thread - #138/INFO]: [Not Secure] <ThiagoMc311> yo no escribo eso >:V
[01:18:05] [Async Chat Thread - #138/INFO]: [Not Secure] <ThiagoMc311> >:V
[01:18:06] [Server thread/INFO]: Xautral issued server command: /minecraft:dialog show Xautral minecraft:server_links
[01:18:06] [Server thread/INFO]: [Xautral: Displayed dialog to Xautral]
[01:18:06] [Async Chat Thread - #138/INFO]: [Not Secure] <ThiagoMc311> >:V
[01:18:08] [Async Chat Thread - #138/INFO]: [Not Secure] <ThiagoMc311> >:V
[01:18:11] [Server thread/INFO]: Xautral issued server command: /minecraft:dialog show @a minecraft:server_links
[01:18:11] [Server thread/INFO]: [Xautral: Displayed dialog to 4 players]
[01:18:17] [Async Chat Thread - #138/INFO]: [Not Secure] <ThiagoMc311> eee
[01:18:20] [Async Chat Thread - #138/INFO]: [Not Secure] <Xautral> el sans:
[01:18:24] [Async Chat Thread - #138/INFO]: [Not Secure] <ThiagoMc311> a ti tmb se te abrio una interfas?
[01:18:27] [Async Chat Thread - #137/INFO]: [Not Secure] <Nightmare> si
[01:18:27] [Async Chat Thread - #137/INFO]: [Not Secure] <Xautral> si
[01:18:51] [Async Chat Thread - #137/INFO]: [Not Secure] <Nightmare> ya me canse de buscar hierro
[01:18:55] [Server thread/INFO]: Xautral issued server command: /minecraft:dialog show @a minecraft:custom_options
[01:18:55] [Server thread/INFO]: [Xautral: Displayed dialog to 4 players]
[01:19:00] [Server thread/INFO]: Xautral issued server command: /minecraft:dialog show @a minecraft:quick_actions
[01:19:00] [Server thread/INFO]: [Xautral: Displayed dialog to 4 players]
[01:19:13] [Async Chat Thread - #137/INFO]: [Not Secure] <Xautral> gente
[01:19:22] [Async Chat Thread - #137/INFO]: [Not Secure] <Nightmare> diga
[01:19:23] [User Authenticator #70/INFO]: UUID of player rulox52 is 22cf46ea-5097-3dc2-a025-fc955537f5fb
[01:19:24] [Server thread/INFO]: [Kingdom of Crepúsculo] rulox52 joined the game
[01:19:24] [Server thread/INFO]: rulox52[/127.155.235.220:43217] logged in with entity id 323960 at ([world]-713.6400036607866, 67.0, 1753.092176256701)
[01:19:27] [Async Chat Thread - #137/INFO]: [Not Secure] <Nightmare> RULOXX
[01:19:28] [Server thread/INFO]: Xautral issued server command: /tellraw @a {"text":"<ShanayX2> Estan Todos Putos!"}
[01:19:32] [Async Chat Thread - #137/INFO]: [Not Secure] <Xautral> Es que hablas bien cagado wey
[01:19:33] [Async Chat Thread - #137/INFO]: [Not Secure] <ThiagoMc311> oe night no me digas gay >:V
[01:19:37] [Server thread/INFO]: rulox52 issued server command: /msg Nightmare pasa coordsa
[01:19:40] [Async Chat Thread - #138/INFO]: [Not Secure] <Nightmare> que
[01:19:47] [Async Chat Thread - #138/INFO]: [Not Secure] <ThiagoMc311> so ez
[01:19:49] [Async Chat Thread - #138/INFO]: [Not Secure] <ThiagoMc311> XDXD
[01:19:52] [Async Chat Thread - #138/INFO]: [Not Secure] <Xautral> soy eze
[01:19:52] [Async Chat Thread - #138/INFO]: [Not Secure] <Nightmare> no te dije gay
[01:19:53] [Server thread/INFO]: Xautral issued server command: /tp ThiagoMc311
[01:19:53] [Server thread/INFO]: [Xautral: Teleported Xautral to [Kingdom of Crepúsculo] ThiagoMc311]
[01:19:54] [Server thread/INFO]: [Xautral: Set own game mode to Spectator Mode]
[01:19:58] [Async Chat Thread - #138/INFO]: [Not Secure] <ThiagoMc311> si dijiste >:V
[01:19:59] [Server thread/INFO]: Nightmare issued server command: /msg rulox52 en el dc
[01:20:01] [Async Chat Thread - #138/INFO]: [Not Secure] <ThiagoMc311> eee
[01:20:02] [Server thread/INFO]: Xautral issued server command: /effect give Xautral minecraft:night_vision infinite 25 true
[01:20:02] [Server thread/INFO]: [Xautral: Applied effect Night Vision to Xautral]
[01:20:02] [Async Chat Thread - #138/INFO]: [Not Secure] <Nightmare> no
[01:20:04] [Async Chat Thread - #138/INFO]: [Not Secure] <ThiagoMc311> viste eso'
[01:20:10] [Async Chat Thread - #138/INFO]: [Not Secure] <ThiagoMc311> se epeo el admin 1 segundo
[01:20:13] [Async Chat Thread - #138/INFO]: [Not Secure] <Nightmare> no
[01:20:14] [Server thread/INFO]: Xautral issued server command: /effect give @n[type=spider] minecraft:speed infinite 5 true
[01:20:14] [Server thread/INFO]: [Xautral: Applied effect Speed to Spider]
[01:20:16] [Async Chat Thread - #138/INFO]: [Not Secure] <ThiagoMc311> si
[01:20:17] [Server thread/INFO]: Xautral issued server command: /effect give @n[type=spider] minecraft:strength infinite 5 true
[01:20:17] [Server thread/INFO]: [Xautral: Applied effect Strength to Spider]
[01:20:20] [Async Chat Thread - #138/INFO]: [Not Secure] <Xautral> no
[01:20:22] [Async Chat Thread - #138/INFO]: [Not Secure] <Xautral> wey
[01:20:23] [Async Chat Thread - #138/INFO]: [Not Secure] <Nightmare> no
[01:20:23] [Async Chat Thread - #138/INFO]: [Not Secure] <Xautral> ThiagoMc311
[01:20:24] [Async Chat Thread - #138/INFO]: [Not Secure] <ThiagoMc311> si
[01:20:31] [Async Chat Thread - #138/INFO]: [Not Secure] <Xautral> te manda a la escuela porque a un manicomio no pueden
[01:20:38] [Async Chat Thread - #138/INFO]: [Not Secure] <Nightmare> AGUA
[01:20:39] [Server thread/INFO]: Xautral issued server command: /tp @n[type=minecraft:spider] ThiagoMc311
[01:20:39] [Server thread/INFO]: [Xautral: Teleported Spider to [Kingdom of Crepúsculo] ThiagoMc311]
[01:20:42] [Server thread/INFO]: [Kingdom of Crepúsculo] ThiagoMc311 was slain by Spider
[01:20:45] [Server thread/INFO]: [Kingdom of Crepúsculo] Nightmare was slain by Spider
[01:20:47] [Async Chat Thread - #138/INFO]: [Not Secure] <Nightmare> NO
[01:20:47] [Async Chat Thread - #138/INFO]: [Not Secure] <ThiagoMc311> BRUH HOW
[01:20:53] [Async Chat Thread - #138/INFO]: [Not Secure] <ThiagoMc311> CORRE WE
[01:20:55] [Async Chat Thread - #138/INFO]: [Not Secure] <ThiagoMc311> RULOX
[01:20:57] [Server thread/INFO]: Xautral issued server command: /tp @e[type=item] ThiagoMc311
[01:20:57] [Server thread/INFO]: [Xautral: Teleported 66 entities to [Kingdom of Crepúsculo] ThiagoMc311]
[01:21:00] [Async Chat Thread - #138/INFO]: [Not Secure] <ThiagoMc311> RULOX NUESTRAS COSAS
[01:21:04] [Async Chat Thread - #138/INFO]: [Not Secure] <Xautral> el evento es: Permadeat
[01:21:04] [Async Chat Thread - #138/INFO]: [Not Secure] <ThiagoMc311> ee we
[01:21:05] [Async Chat Thread - #138/INFO]: [Not Secure] <Xautral> el evento es: Permadeath
[01:21:11] [Server thread/INFO]: ShanayX2 lost connection: Disconnected
[01:21:11] [Server thread/INFO]: [Realm of Dxmonic Players] ShanayX2 left the game
[01:21:13] [User Authenticator #71/INFO]: UUID of player ShanayX2 is d66cd3e6-f582-3816-97ee-20d5393d01c6
[01:21:14] [Server thread/INFO]: [Realm of Dxmonic Players] ShanayX2 joined the game
[01:21:14] [Server thread/INFO]: ShanayX2[/127.199.137.221:47533] logged in with entity id 324547 at ([world]1028.4705723216723, 75.0, 1147.4274960458904)
[01:21:15] [Async Chat Thread - #138/INFO]: [Not Secure] <ThiagoMc311> aparecio todo aca nightt
[01:21:16] [Async Chat Thread - #138/INFO]: [Not Secure] <Nightmare> NO QUE PERMADEATH NI QUE NADA
[01:21:18] [Async Chat Thread - #138/INFO]: [Not Secure] <ShanayX2> Xautral
[01:21:20] [Async Chat Thread - #138/INFO]: [Not Secure] <Xautral> Todos los cambios de dificultad fueron ejecutados
[01:21:21] [Async Chat Thread - #138/INFO]: [Not Secure] <ThiagoMc311> wee benn
[01:21:23] [Async Chat Thread - #138/INFO]: [Not Secure] <ThiagoMc311> ven acaa
[01:21:25] [Async Chat Thread - #138/INFO]: [Not Secure] <ShanayX2> que le metiste al servidor
[01:21:26] [Async Chat Thread - #138/INFO]: [Not Secure] <Xautral> que ShanayX2
[01:21:28] [Async Chat Thread - #138/INFO]: [Not Secure] <Xautral> nada
[01:21:29] [Async Chat Thread - #138/INFO]: [Not Secure] <ShanayX2> que no me deja abrir cofres
[01:21:30] [Server thread/INFO]: [Kingdom of Crepúsculo] Nightmare was shot by Skeleton
[01:21:31] [Async Chat Thread - #138/INFO]: [Not Secure] <Xautral> una verga seguarmente
[01:21:31] [Async Chat Thread - #138/INFO]: [Not Secure] <ThiagoMc311> aparecieron tus cosas y las mias xd
[01:21:32] [Server thread/INFO]: Xautral issued server command: /tp ShanayX2
[01:21:32] [Server thread/INFO]: [Xautral: Teleported Xautral to [Realm of Dxmonic Players] ShanayX2]
[01:21:36] [Async Chat Thread - #138/INFO]: [Not Secure] <Xautral> wery
[01:21:38] [Async Chat Thread - #138/INFO]: [Not Secure] <Xautral> a de ser tu lag
[01:21:39] [Async Chat Thread - #138/INFO]: [Not Secure] <Nightmare> ESO ES MIO
[01:21:45] [Async Chat Thread - #138/INFO]: [Not Secure] <Xautral> si veo que abres cofres
[01:21:46] [Async Chat Thread - #138/INFO]: [Not Secure] <Nightmare> no tengo micro
[01:21:53] [Server thread/INFO]: Xautral issued server command: /tp @e[type=item] Nightmare
[01:21:53] [Server thread/INFO]: [Xautral: Teleported Netherite Leggings to [Kingdom of Crepúsculo] Nightmare]
[01:21:54] [Async Chat Thread - #138/INFO]: [Not Secure] <ThiagoMc311> eso es mio
[01:21:55] [Server thread/INFO]: Xautral issued server command: /tp Nightmare
[01:21:55] [Server thread/INFO]: [Xautral: Teleported Xautral to [Kingdom of Crepúsculo] Nightmare]
[01:22:07] [Async Chat Thread - #138/INFO]: [Not Secure] <ThiagoMc311> cubeta??
[01:22:08] [Async Chat Thread - #138/INFO]: [Not Secure] <Nightmare> Que no tengo micro rulox
[01:22:10] [Server thread/INFO]: Xautral issued server command: /effect give @e[type=#undead] minecraft:speed infinite 4 true
[01:22:10] [Server thread/INFO]: [Xautral: Applied effect Speed to 103 targets]
[01:22:13] [Server thread/INFO]: Xautral issued server command: /effect give @e[type=#undead] minecraft:strength infinite 4 true
[01:22:13] [Server thread/INFO]: [Xautral: Applied effect Strength to 106 targets]
[01:22:18] [Async Chat Thread - #138/INFO]: [Not Secure] <ThiagoMc311> mi cubeta y mi barco >:V
[01:22:24] [Server thread/INFO]: Xautral issued server command: /effect give @e[type=#spider] minecraft:strength infinite 4 true
[01:22:27] [Async Chat Thread - #138/INFO]: [Not Secure] <Nightmare> Mi espada
[01:22:31] [Server thread/INFO]: Xautral issued server command: /effect give @e[type=#Spider] minecraft:strength infinite 4 true
[01:22:39] [Server thread/INFO]: Xautral issued server command: /effect give @e[type=!#minecraft:arthropod] minecraft:strength infinite 4 true
[01:22:39] [Server thread/INFO]: [Xautral: Applied effect Strength to 506 targets]
[01:22:44] [Server thread/INFO]: Xautral issued server command: /effect give @e[type=!#minecraft:arthropod] minecraft:health_boost infinite 4 true
[01:22:44] [Server thread/INFO]: [Xautral: Applied effect Health Boost to 519 targets]
[01:22:48] [Async Chat Thread - #138/INFO]: [Not Secure] <ShanayX2> q??????
[01:22:49] [Async Chat Thread - #138/INFO]: [Not Secure] <ThiagoMc311> mi balde we
[01:22:56] [Async Chat Thread - #138/INFO]: [Not Secure] <ThiagoMc311> OSTIAS WE
[01:23:02] [Async Chat Thread - #138/INFO]: [Not Secure] <Xautral> Ostias we?
[01:23:02] [Async Chat Thread - #138/INFO]: [Not Secure] <ThiagoMc311> TENGO 2 HILERAS DE VIDA
[01:23:03] [Async Chat Thread - #138/INFO]: [Not Secure] <Xautral> es como
[01:23:07] [Server thread/INFO]: Nightmare issued server command: /teammsg vamos a la base de el ese we
[01:23:09] [Async Chat Thread - #137/INFO]: [Not Secure] <Xautral> mexicano y español
[01:23:11] [Async Chat Thread - #137/INFO]: [Not Secure] <Nightmare> YO TAMBIEN
[01:23:12] [Async Chat Thread - #137/INFO]: [Not Secure] <Nightmare> LESGOU
[01:23:13] [Server thread/INFO]: Xautral issued server command: /effect clear @a minecraft:health_boost
[01:23:13] [Server thread/INFO]: [Xautral: Removed effect Health Boost from 5 targets]
[01:23:16] [Async Chat Thread - #137/INFO]: [Not Secure] <Nightmare> pero
[01:23:17] [Async Chat Thread - #137/INFO]: [Not Secure] <ThiagoMc311> noo mi vidaa :(
[01:23:18] [Server thread/INFO]: rulox52 issued server command: /msg Nightmare dale
[01:23:18] [Server thread/INFO]: Xautral issued server command: /effect clear @a minecraft:speed
[01:23:28] [Server thread/INFO]: Nightmare issued server command: /teammsg para todavia no
[01:23:35] [Server thread/INFO]: Xautral issued server command: /summon ghast
[01:23:35] [Server thread/INFO]: [Xautral: Summoned new Ghast]
[01:23:36] [Server thread/INFO]: Nightmare issued server command: /teammsg rulox tenes hierro
[01:23:39] [Server thread/INFO]: Xautral issued server command: /summon ghast
[01:23:39] [Server thread/INFO]: [Xautral: Summoned new Ghast]
[01:23:53] [Server thread/INFO]: Xautral issued server command: /execute at @e[type=creeper] run summon minecraft:lightning_bolt
[01:23:53] [Server thread/INFO]: [Xautral: Summoned new Lightning Bolt]
[01:23:53] [Server thread/INFO]: [Xautral: Summoned new Lightning Bolt]
[01:23:53] [Server thread/INFO]: [Xautral: Summoned new Lightning Bolt]
[01:23:53] [Server thread/INFO]: [Xautral: Summoned new Lightning Bolt]
[01:23:53] [Server thread/INFO]: [Xautral: Summoned new Lightning Bolt]
[01:23:53] [Server thread/INFO]: [Xautral: Summoned new Lightning Bolt]
[01:23:53] [Server thread/INFO]: [Xautral: Summoned new Lightning Bolt]
[01:23:53] [Server thread/INFO]: [Xautral: Summoned new Lightning Bolt]
[01:23:53] [Server thread/INFO]: [Xautral: Summoned new Lightning Bolt]
[01:23:53] [Server thread/INFO]: [Xautral: Summoned new Lightning Bolt]
[01:23:53] [Server thread/INFO]: [Xautral: Summoned new Lightning Bolt]
[01:23:53] [Server thread/INFO]: [Xautral: Summoned new Lightning Bolt]
[01:23:53] [Server thread/INFO]: [Xautral: Summoned new Lightning Bolt]
[01:23:53] [Server thread/INFO]: [Xautral: Summoned new Lightning Bolt]
[01:23:53] [Server thread/INFO]: [Xautral: Summoned new Lightning Bolt]
[01:23:53] [Server thread/INFO]: [Xautral: Summoned new Lightning Bolt]
[01:23:53] [Server thread/INFO]: [Xautral: Summoned new Lightning Bolt]
[01:23:53] [Server thread/INFO]: [Xautral: Summoned new Lightning Bolt]
[01:23:53] [Server thread/INFO]: [Xautral: Summoned new Lightning Bolt]
[01:23:53] [Server thread/INFO]: [Xautral: Summoned new Lightning Bolt]
[01:23:53] [Server thread/INFO]: [Xautral: Summoned new Lightning Bolt]
[01:23:53] [Server thread/INFO]: [Xautral: Summoned new Lightning Bolt]
[01:23:53] [Server thread/INFO]: [Xautral: Summoned new Lightning Bolt]
[01:23:53] [Server thread/INFO]: [Xautral: Summoned new Lightning Bolt]
[01:23:53] [Server thread/INFO]: [Xautral: Summoned new Lightning Bolt]
[01:23:53] [Server thread/INFO]: [Xautral: Summoned new Lightning Bolt]
[01:23:53] [Server thread/INFO]: [Xautral: Summoned new Lightning Bolt]
[01:23:53] [Server thread/INFO]: [Xautral: Summoned new Lightning Bolt]
[01:23:53] [Server thread/INFO]: [Xautral: Summoned new Lightning Bolt]
[01:23:53] [Server thread/INFO]: [Xautral: Summoned new Lightning Bolt]
[01:23:53] [Server thread/INFO]: [Xautral: Summoned new Lightning Bolt]
[01:23:53] [Server thread/INFO]: [Xautral: Summoned new Lightning Bolt]
[01:23:53] [Server thread/INFO]: [Xautral: Summoned new Lightning Bolt]
[01:23:53] [Server thread/INFO]: [Xautral: Summoned new Lightning Bolt]
[01:23:53] [Server thread/INFO]: [Xautral: Summoned new Lightning Bolt]
[01:23:53] [Server thread/INFO]: [Xautral: Summoned new Lightning Bolt]
[01:24:15] [Server thread/INFO]: Xautral issued server command: /execute at @n[type=!minecraft:player] run say que onda
[01:24:15] [Server thread/INFO]: [Not Secure] [Xautral] que onda
[01:24:22] [Async Chat Thread - #138/INFO]: [Not Secure] <Xautral> wey
[01:24:23] [Async Chat Thread - #138/INFO]: [Not Secure] <Xautral> que pedo
[01:24:26] [Async Chat Thread - #138/INFO]: [Not Secure] <Xautral> es un ghast eso?
[01:24:29] [Server thread/INFO]: [Xautral: Set own game mode to Creative Mode]
[01:24:30] [Async Chat Thread - #138/INFO]: [Not Secure] <Nightmare> thiago
[01:24:35] [Async Chat Thread - #138/INFO]: [Not Secure] <ThiagoMc311> dimee
[01:24:43] [Async Chat Thread - #138/INFO]: [Not Secure] <Nightmare> XAUTRAL
[01:24:44] [Async Chat Thread - #138/INFO]: [Not Secure] <Nightmare> QUE HACES
[01:24:44] [Server thread/INFO]: [Kingdom of Crepúsculo] rulox52 has completed the challenge [Uneasy Alliance]
[01:24:48] [Async Chat Thread - #138/INFO]: [Not Secure] <Nightmare> LPTM
[01:25:00] [Async Chat Thread - #138/INFO]: [Not Secure] <ThiagoMc311> ctm >:V
[01:25:03] [Server thread/INFO]: Xautral issued server command: /execute at Nightmare run summon ghast ~ ~160 ~
[01:25:03] [Server thread/INFO]: [Xautral: Summoned new Ghast]
[01:25:03] [Async Chat Thread - #138/INFO]: [Not Secure] <Xautral> que
[01:25:09] [Async Chat Thread - #138/INFO]: [Not Secure] <Xautral> ese es un happy
[01:25:11] [Async Chat Thread - #138/INFO]: [Not Secure] <Nightmare> DEJA DE SPAWNEAR MAMADAS
[01:25:13] [Async Chat Thread - #138/INFO]: [Not Secure] <ThiagoMc311> xdd
[01:25:14] [Async Chat Thread - #137/INFO]: [Not Secure] <Xautral> Nightmare
[01:25:16] [Async Chat Thread - #137/INFO]: [Not Secure] <Nightmare> q
[01:25:21] [Async Chat Thread - #137/INFO]: [Not Secure] <Xautral> todos votaron un evento de supervivencia
[01:25:22] [Async Chat Thread - #137/INFO]: [Not Secure] <Xautral> aparte
[01:25:24] [Async Chat Thread - #137/INFO]: [Not Secure] <Xautral> no los spawneo yo
[01:25:31] [Async Chat Thread - #137/INFO]: [Not Secure] <Xautral> los hace un mecanismo
[01:25:32] [Async Chat Thread - #137/INFO]: [Not Secure] <Nightmare> y que putas tiene que ver eso con la supervivencia
[01:25:36] [Async Chat Thread - #137/INFO]: [Not Secure] <Xautral> sobrevivir
[01:25:40] [Async Chat Thread - #137/INFO]: [Not Secure] <Xautral> al mundo
[01:25:44] [Server thread/INFO]: Xautral issued server command: /execute at @e[type=creeper] run summon minecraft:lightning_bolt
[01:25:44] [Server thread/INFO]: [Xautral: Summoned new Lightning Bolt]
[01:25:44] [Server thread/INFO]: [Xautral: Summoned new Lightning Bolt]
[01:25:44] [Server thread/INFO]: [Xautral: Summoned new Lightning Bolt]
[01:25:44] [Server thread/INFO]: [Xautral: Summoned new Lightning Bolt]
[01:25:44] [Server thread/INFO]: [Xautral: Summoned new Lightning Bolt]
[01:25:44] [Server thread/INFO]: [Xautral: Summoned new Lightning Bolt]
[01:25:44] [Server thread/INFO]: [Xautral: Summoned new Lightning Bolt]
[01:25:44] [Server thread/INFO]: [Xautral: Summoned new Lightning Bolt]
[01:25:44] [Server thread/INFO]: [Xautral: Summoned new Lightning Bolt]
[01:25:44] [Server thread/INFO]: [Xautral: Summoned new Lightning Bolt]
[01:25:44] [Server thread/INFO]: [Xautral: Summoned new Lightning Bolt]
[01:25:44] [Server thread/INFO]: [Xautral: Summoned new Lightning Bolt]
[01:25:44] [Server thread/INFO]: [Xautral: Summoned new Lightning Bolt]
[01:25:44] [Server thread/INFO]: [Xautral: Summoned new Lightning Bolt]
[01:25:44] [Server thread/INFO]: [Xautral: Summoned new Lightning Bolt]
[01:25:44] [Server thread/INFO]: [Xautral: Summoned new Lightning Bolt]
[01:25:44] [Server thread/INFO]: [Xautral: Summoned new Lightning Bolt]
[01:25:44] [Server thread/INFO]: [Xautral: Summoned new Lightning Bolt]
[01:25:44] [Server thread/INFO]: [Xautral: Summoned new Lightning Bolt]
[01:25:44] [Server thread/INFO]: [Xautral: Summoned new Lightning Bolt]
[01:25:44] [Server thread/INFO]: [Xautral: Summoned new Lightning Bolt]
[01:25:44] [Server thread/INFO]: [Xautral: Summoned new Lightning Bolt]
[01:25:44] [Server thread/INFO]: [Xautral: Summoned new Lightning Bolt]
[01:25:44] [Server thread/INFO]: [Xautral: Summoned new Lightning Bolt]
[01:25:44] [Server thread/INFO]: [Xautral: Summoned new Lightning Bolt]
[01:25:44] [Server thread/INFO]: [Xautral: Summoned new Lightning Bolt]
[01:25:44] [Server thread/INFO]: [Xautral: Summoned new Lightning Bolt]
[01:25:44] [Server thread/INFO]: [Xautral: Summoned new Lightning Bolt]
[01:25:44] [Server thread/INFO]: [Xautral: Summoned new Lightning Bolt]
[01:25:44] [Server thread/INFO]: [Xautral: Summoned new Lightning Bolt]
[01:25:44] [Server thread/INFO]: [Xautral: Summoned new Lightning Bolt]
[01:25:44] [Server thread/INFO]: [Xautral: Summoned new Lightning Bolt]
[01:25:44] [Server thread/INFO]: [Xautral: Summoned new Lightning Bolt]
[01:25:44] [Server thread/INFO]: [Xautral: Summoned new Lightning Bolt]
[01:25:44] [Server thread/INFO]: [Xautral: Summoned new Lightning Bolt]
[01:25:44] [Server thread/INFO]: [Xautral: Summoned new Lightning Bolt]
[01:25:44] [Server thread/INFO]: [Xautral: Summoned new Lightning Bolt]
[01:25:44] [Server thread/INFO]: [Xautral: Summoned new Lightning Bolt]
[01:25:44] [Server thread/INFO]: [Xautral: Summoned new Lightning Bolt]
[01:25:44] [Server thread/INFO]: [Xautral: Summoned new Lightning Bolt]
[01:25:44] [Server thread/INFO]: [Xautral: Summoned new Lightning Bolt]
[01:25:44] [Server thread/INFO]: [Xautral: Summoned new Lightning Bolt]
[01:25:51] [Server thread/INFO]: Named entity Zombie['Soul'/326081, uuid='ac580fc4-551a-4b42-af0e-3dbe80bbe798', l='ServerLevel[world]', x=454.69, y=63.06, z=1034.21, cpos=[28, 64], tl=378, v=true] died: Soul burned to death
[01:25:52] [Async Chat Thread - #137/INFO]: [Not Secure] <Nightmare> ishh yo ya me mori 30 veces we
[01:25:54] [Async Chat Thread - #137/INFO]: [Not Secure] <ShanayX2> El diablo
[01:25:58] [Server thread/INFO]: [Xautral: Set own game mode to Spectator Mode]
[01:25:59] [Async Chat Thread - #137/INFO]: [Not Secure] <ThiagoMc311> toy listo >:)
[01:26:00] [Server thread/INFO]: Xautral issued server command: /tp ShanayX2s
[01:26:00] [Server thread/INFO]: Xautral issued server command: /tp ShanayX2
[01:26:00] [Server thread/INFO]: [Xautral: Teleported Xautral to [Realm of Dxmonic Players] ShanayX2]
[01:26:06] [Server thread/INFO]: Xautral issued server command: /summon ghast
[01:26:06] [Server thread/INFO]: [Xautral: Summoned new Ghast]
[01:26:07] [Server thread/INFO]: Xautral issued server command: /summon ghast
[01:26:07] [Server thread/INFO]: [Xautral: Summoned new Ghast]
[01:26:07] [Server thread/INFO]: Xautral issued server command: /summon ghast
[01:26:07] [Server thread/INFO]: [Xautral: Summoned new Ghast]
[01:26:14] [Server thread/INFO]: Xautral issued server command: /summon ghast
[01:26:14] [Server thread/INFO]: [Xautral: Summoned new Ghast]
[01:26:14] [Server thread/INFO]: Xautral issued server command: /summon ghast
[01:26:14] [Server thread/INFO]: [Xautral: Summoned new Ghast]
[01:26:14] [Server thread/INFO]: Xautral issued server command: /summon ghast
[01:26:14] [Server thread/INFO]: [Xautral: Summoned new Ghast]
[01:26:21] [Server thread/INFO]: Xautral issued server command: /summon ghast
[01:26:21] [Server thread/INFO]: [Xautral: Summoned new Ghast]
[01:26:22] [Server thread/INFO]: Xautral issued server command: /summon ghast
[01:26:22] [Server thread/INFO]: [Xautral: Summoned new Ghast]
[01:26:22] [Server thread/INFO]: Xautral issued server command: /summon ghast
[01:26:22] [Server thread/INFO]: [Xautral: Summoned new Ghast]
[01:26:29] [Async Chat Thread - #137/INFO]: [Not Secure] <ShanayX2> ?
[01:26:35] [Server thread/INFO]: [Realm of Dxmonic Players] ShanayX2 has completed the challenge [Uneasy Alliance]
[01:26:37] [Async Chat Thread - #137/INFO]: [Not Secure] <Nightmare> dale rapido
[01:26:38] [Async Chat Thread - #137/INFO]: [Not Secure] <ThiagoMc311> oe y mi paja??
[01:26:47] [Async Chat Thread - #137/INFO]: [Not Secure] <ThiagoMc311> we panes
[01:26:47] [Async Chat Thread - #137/INFO]: [Not Secure] <Nightmare> que
[01:26:49] [Async Chat Thread - #137/INFO]: [Not Secure] <Xautral> te la hago?
[01:27:02] [Async Chat Thread - #137/INFO]: [Not Secure] <ThiagoMc311> dame 30 panes xautral
[01:27:03] [Server thread/INFO]: Xautral issued server command: /tp @e[type=ghast] ShanayX2
[01:27:03] [Server thread/INFO]: [Xautral: Teleported 8 entities to [Realm of Dxmonic Players] ShanayX2]
[01:27:04] [Server thread/INFO]: [Realm of Dxmonic Players] ShanayX2 has completed the challenge [Return to Sender]
[01:27:16] [Server thread/INFO]: Xautral issued server command: /summon minecraft:fireball
[01:27:16] [Server thread/INFO]: [Xautral: Summoned new Fireball]
[01:27:17] [Server thread/INFO]: Xautral issued server command: /summon minecraft:fireball
[01:27:17] [Server thread/INFO]: [Xautral: Summoned new Fireball]
[01:27:17] [Server thread/INFO]: Xautral issued server command: /summon minecraft:fireball
[01:27:17] [Server thread/INFO]: [Xautral: Summoned new Fireball]
[01:27:17] [Server thread/INFO]: Xautral issued server command: /summon minecraft:fireball
[01:27:17] [Server thread/INFO]: [Xautral: Summoned new Fireball]
[01:27:18] [Server thread/INFO]: Xautral issued server command: /summon minecraft:fireball
[01:27:18] [Server thread/INFO]: [Xautral: Summoned new Fireball]
[01:27:18] [Server thread/INFO]: [Xautral: Set own game mode to Creative Mode]
[01:27:21] [Server thread/INFO]: [Xautral: Set own game mode to Spectator Mode]
[01:27:29] [Async Chat Thread - #137/INFO]: [Not Secure] <Xautral> gente
[01:27:31] [Async Chat Thread - #137/INFO]: [Not Secure] <Nightmare> q
[01:27:32] [Async Chat Thread - #137/INFO]: [Not Secure] <Xautral> cuidado si estan en lugares
[01:27:34] [Async Chat Thread - #137/INFO]: [Not Secure] <Xautral> cerrados
[01:27:35] [Server thread/INFO]: Xautral issued server command: /tp @r
[01:27:35] [Server thread/INFO]: [Xautral: Teleported Xautral to [Realm of Dxmonic Players] ShanayX2]
[01:27:36] [Server thread/INFO]: Xautral issued server command: /tp @r
[01:27:36] [Server thread/INFO]: [Xautral: Teleported Xautral to [Kingdom of Crepúsculo] rulox52]
[01:27:49] [Async Chat Thread - #137/INFO]: [Not Secure] <ShanayX2> a
[01:27:50] [Server thread/INFO]: ShanayX2 lost connection: Disconnected
[01:27:50] [Server thread/INFO]: [Realm of Dxmonic Players] ShanayX2 left the game
[01:27:51] [Server thread/INFO]: ThiagoMc311 issued server command: /msg Nightmare ee we el uriel esta a 20k de bloques xd
[01:27:54] [Server thread/INFO]: Xautral issued server command: /tp @r
[01:27:54] [Server thread/INFO]: [Xautral: Teleported Xautral to [Kingdom of Crepúsculo] rulox52]
[01:27:54] [Server thread/INFO]: Xautral issued server command: /tp @r
[01:27:54] [Server thread/INFO]: [Xautral: Teleported Xautral to [Kingdom of Crepúsculo] ThiagoMc311]
[01:27:55] [User Authenticator #72/INFO]: UUID of player ShanayX2 is d66cd3e6-f582-3816-97ee-20d5393d01c6
[01:27:57] [Server thread/INFO]: com.mojang.authlib.GameProfile@6dd5ee67[id=d66cd3e6-f582-3816-97ee-20d5393d01c6,name=ShanayX2,properties={textures=[Property[name=textures, value=ewogICJ0aW1lc3RhbXAiIDogMTc2MTg3NjY1MjM3MiwKICAicHJvZmlsZUlkIiA6ICJiODNkYzkxMjBjOGE0MzAzOWM0OWRmMTlkYzIyMmI4YiIsCiAgInByb2ZpbGVOYW1lIiA6ICJQZXJyeVRoZVBsYXR5cHVzIiwKICAic2lnbmF0dXJlUmVxdWlyZWQiIDogdHJ1ZSwKICAidGV4dHVyZXMiIDogewogICAgIlNLSU4iIDogewogICAgICAidXJsIiA6ICJodHRwOi8vdGV4dHVyZXMubWluZWNyYWZ0Lm5ldC90ZXh0dXJlL2M5MjU5ZTA5ZGQxY2JjZThhMThlMjQ5NDZiZTdkYjZkNjgyMzYyZmM4MTViOGMyZDQ2Mjc5MDkzZGNlZDFmMDMiCiAgICB9CiAgfQp9, signature=n66l4XbzHcbj9x2SRVbfrKBiKfudGjMfGYVIzZ0+VyJHc5/eMMoRDVpUNox5D9zPaPCndwY+h8PUODnViRd/K3zMZ0RDi9/Aaua2rNPWYyx1z1iBeIMzyHZ6ueL7KEly7BSzO9EujL7358Nje9Xhr3WPDriRTRQ71Zq/lU1RRzwcT+aWu/apx+oiCFZVr5Z9fgCtzuMVab6eTapdViIDjjgG3kcekBUlwiSRFsDllMgvLUMah0ZmaP156HowI93wK63wcvXUPuHNiUlEvTLomwSTgp2Z9WQFCzy2HcVUoOhTu/dwOu0KxhZQ9xV77pp7no9AEzzez8XNEmm6niqHCUT9XvAWeh1MJDSFqUqH4avHHIr5ZDTdgc5fv7Gp6CtM/gXItxl33nNBkoUHjf+szD13Wq9pj5VG4We11pHdvzoFf7aYi1SKm31qp0qRrRMVymgHbTSWYg8b4qR2zEkQyLJBKVO0yECzGJzXXG9nG/rW5G6mBOba23l2niLSLgCb02gcIIrP06XFSQYfUh7k8Ra6Ooo0gVuR45f/QOF2bN7VMuvzF7TECx+GNWb6xUz+p9M/gfpoddX9MYr3SWxShyoy5vx8IzKPCU4LM61c8Eys8X/MXBRSaguiKbbnfhzgVSRd+kCMVzexzDc93w1PBqtG3NDdXAmkit44XGB0e2g=]]}] lost connection: Disconnected
[01:27:59] [Async Chat Thread - #138/INFO]: [Not Secure] <Xautral> bro realmente hizo ragequit
[01:28:01] [Server thread/INFO]: ThiagoMc311 issued server command: /msg Nightmare vamos a por lauty
[01:28:04] [Server thread/INFO]: Nightmare issued server command: /msg ThiagoMc311 ok
[01:28:07] [User Authenticator #72/INFO]: UUID of player ShanayX2 is d66cd3e6-f582-3816-97ee-20d5393d01c6
[01:28:08] [Server thread/INFO]: [Realm of Dxmonic Players] ShanayX2 joined the game
[01:28:08] [Server thread/INFO]: ShanayX2[/127.199.137.221:60923] logged in with entity id 327438 at ([world]416.36254999926047, 82.0, 646.1044321475342)
[01:28:08] [Server thread/INFO]: Xautral issued server command: /summon wither
[01:28:08] [Server thread/INFO]: [Xautral: Summoned new Wither]
[01:28:10] [Server thread/INFO]: Nightmare issued server command: /teammsg vamos por l
[01:28:14] [Server thread/INFO]: [Kingdom of Crepúsculo] Nightmare was shot by a skull from Wither
[01:28:15] [Server thread/INFO]: Xautral issued server command: /kill @e[type=wither]
[01:28:15] [Server thread/INFO]: [Xautral: Killed Wither]
[01:28:17] [Async Chat Thread - #137/INFO]: [Not Secure] <Xautral> madres
[01:28:18] [Async Chat Thread - #137/INFO]: [Not Secure] <Nightmare> CONCHA DE TU MAMA
[01:28:22] [Async Chat Thread - #137/INFO]: [Not Secure] <Xautral> ahi si me equivoque
[01:28:25] [Async Chat Thread - #137/INFO]: [Not Secure] <ThiagoMc311> HIJO DE PERRA REPARA TODO
[01:28:26] [Server thread/INFO]: rulox52 lost connection: Disconnected
[01:28:26] [Server thread/INFO]: [Kingdom of Crepúsculo] rulox52 left the game
[01:28:28] [Async Chat Thread - #137/INFO]: [Not Secure] <Xautral> haber
[01:28:29] [Server thread/INFO]: [Xautral: Set own game mode to Creative Mode]
[01:28:33] [Async Chat Thread - #137/INFO]: [Not Secure] <ThiagoMc311> debes 1 kit full hierro
[01:28:34] [Async Chat Thread - #137/INFO]: [Not Secure] <Nightmare> DALE XAUTRAL
[01:28:34] [Async Chat Thread - #137/INFO]: [Not Secure] <Xautral> como me dijsite ThiagoMc311?
[01:28:34] [Server thread/INFO]: ShanayX2 lost connection: Disconnected
[01:28:34] [Server thread/INFO]: [Realm of Dxmonic Players] ShanayX2 left the game
[01:28:37] [User Authenticator #72/INFO]: UUID of player ShanayX2 is d66cd3e6-f582-3816-97ee-20d5393d01c6
[01:28:37] [Async Chat Thread - #137/INFO]: [Not Secure] <Nightmare> VOS Y TUS EVENTOS
[01:28:38] [Server thread/INFO]: [Realm of Dxmonic Players] ShanayX2 joined the game
[01:28:38] [Server thread/INFO]: ShanayX2[/127.199.137.221:45841] logged in with entity id 327890 at ([world]343.69999998807907, 64.0, 561.3000000119209)
[01:28:45] [Async Chat Thread - #137/INFO]: [Not Secure] <Xautral> osea de Nightmare te lo perdono porque lo mate
[01:28:47] [Async Chat Thread - #137/INFO]: [Not Secure] <Xautral> pero tu que vergados te metes
[01:28:49] [Async Chat Thread - #137/INFO]: [Not Secure] <ThiagoMc311> we lit espawneaste un wither en nuestra base
